{
  "Shackled Elements": {
    "name": "Shackled Elements",
    "fileNames": {
      "frontJPGs": [
        "cards/Arcanists/Shackled-Elements-front-0.jpg"
      ]
    },
    "cost": 0,
    "rarity": 2,
    "factions": [
      "Arcanists"
    ],
    "keywords": [
      "ACADEMIC"
    ],
    "cardText": "Special (Summon, Bound Elemental) Plentiful (2) Shackled Elements 0 If Sandeep Desai is this Crew's Leader, increase this Upgrade's Plentiful Limitation to Plentiful (5). After Attaching this Upgrade, this model gains Slow. This model gains the following Ability: With Our Powers Combined: At the start of this model's Activation, if it is within a4 of at least two other models with the same name, it may Replace itself and two such models in range with an Elemental Enforcer model with the same Demise Ability as all three Replaced models. ACADEMIC",
    "description": null,
    "isGeneric": false,
    "specialRarity": {},
    "restrictions": [
      {
        "type": "Special",
        "member": null,
        "matchTexts": [
          "Summon",
          "Bound Elemental"
        ]
      }
    ]
  },
  "Armored Plates": {
    "name": "Armored Plates",
    "fileNames": {
      "frontJPGs": [
        "cards/Arcanists/Armored-Plates-front-0.jpg"
      ]
    },
    "cost": 2,
    "rarity": 2,
    "factions": [
      "Arcanists",
      "Neverborn"
    ],
    "keywords": [
      "CHIMERA"
    ],
    "cardText": "Special (Mutation) Plentiful (2) Armored Plates 2 This model gains the following Abilities: Armor +1: Reduce all damage suffered by this model by +1. Hunker Down: At the end of this model's Activation, If it did not move during its Activation, it gains Shielded +2. CHIMERA",
    "description": null,
    "isGeneric": false,
    "specialRarity": {},
    "restrictions": [
      {
        "type": "Special",
        "member": null,
        "matchTexts": [
          "Mutation"
        ]
      }
    ]
  },
  "Natural Camouflage": {
    "name": "Natural Camouflage",
    "fileNames": {
      "frontJPGs": [
        "cards/Arcanists/Natural-Camouflage-front-0.jpg"
      ]
    },
    "cost": 2,
    "rarity": 2,
    "factions": [
      "Arcanists",
      "Neverborn"
    ],
    "keywords": [
      "CHIMERA"
    ],
    "cardText": "Special (Mutation) Plentiful (2) Natural Camouflage 2 This model gains the following Abilities: Disguised: This model cannot be the target of Actions generated by the Charge Action. Stealth: Enemy models cannot target this model from more than 6\" away. CHIMERA",
    "description": null,
    "isGeneric": false,
    "specialRarity": {},
    "restrictions": [
      {
        "type": "Special",
        "member": null,
        "matchTexts": [
          "Mutation"
        ]
      }
    ]
  },
  "Formidable Horns": {
    "name": "Formidable Horns",
    "fileNames": {
      "frontJPGs": [
        "cards/Arcanists/Formidable-Horns-front-0.jpg"
      ]
    },
    "cost": 1,
    "rarity": 2,
    "factions": [
      "Arcanists",
      "Neverborn"
    ],
    "keywords": [
      "CHIMERA"
    ],
    "cardText": "Special (Mutation) Plentiful (2) Formidable Horns 1 This model gains the following Ability: Charge Through: This model's y Actions that are generated by the Charge Action receive a + to their damage flip. This model's y Actions gain the following Trigger: M Onslaught: Take this Action again, targeting the same model. CHIMERA",
    "description": null,
    "isGeneric": false,
    "specialRarity": {},
    "restrictions": [
      {
        "type": "Special",
        "member": null,
        "matchTexts": [
          "Mutation"
        ]
      }
    ]
  },
  "Serrated Teeth and Claws": {
    "name": "Serrated Teeth and Claws",
    "fileNames": {
      "frontJPGs": [
        "cards/Arcanists/Serrated-Teeth-and-Claws-front-0.jpg"
      ]
    },
    "cost": 2,
    "rarity": 2,
    "factions": [
      "Arcanists",
      "Neverborn"
    ],
    "keywords": [
      "CHIMERA"
    ],
    "cardText": "Special (Mutation) Plentiful (2) Serrated Teeth and Claws 2 This model gains the following Ability: Blood in the Air: Enemy models damaged by this model's y Actions gain Adversary (Beast). This model's y Actions gains the following Trigger: R Puncture: When resolving, this Action's damage flip receives a + for each r in the final duel total (to a maximum of ++). CHIMERA",
    "description": null,
    "isGeneric": false,
    "specialRarity": {},
    "restrictions": [
      {
        "type": "Special",
        "member": null,
        "matchTexts": [
          "Mutation"
        ]
      }
    ]
  },
  "Feathered Wings": {
    "name": "Feathered Wings",
    "fileNames": {
      "frontJPGs": [
        "cards/Arcanists/Feathered-Wings-front-0.jpg"
      ]
    },
    "cost": 1,
    "rarity": 2,
    "factions": [
      "Arcanists",
      "Neverborn"
    ],
    "keywords": [
      "CHIMERA"
    ],
    "cardText": "Special (Mutation) Plentiful (2) Feathered Wings 1 This model gains the following Abilities: Flight: When resolving the Walk or Charge Action, instead of moving normally, this model may Place itself completely within X\", where X is equal to this model's Mv. This model does not suffer Falling damage. Quick: This model gains +1 Mv. Butterfly Jump: After resolving an enemy Attack Action targeting this model, this model may move up to 3\". CHIMERA",
    "description": null,
    "isGeneric": false,
    "specialRarity": {},
    "restrictions": [
      {
        "type": "Special",
        "member": null,
        "matchTexts": [
          "Mutation"
        ]
      }
    ]
  },
  "Bestial Form": {
    "name": "Bestial Form",
    "fileNames": {
      "frontJPGs": [
        "cards/Arcanists/Bestial-Form-front-0.jpg"
      ]
    },
    "cost": 0,
    "rarity": 1,
    "factions": [
      "Arcanists"
    ],
    "keywords": [
      "CHIMERA"
    ],
    "cardText": "Special (Shapeshift)  Bestial Form 0 After this model is Replaced with Myranda, even by an effect on this Upgrade, discard this Upgrade. This model gains the following Ability: Shapechange (Myranda): At the start of this model's Activation, it may discard a card to Heal 2 and Replace itself with Myranda, without discarding any Upgrades. CHIMERA",
    "replacements": [
      {
        "replaceWith": [
          "Myranda"
        ],
        "heals": 2,
        "keepUpgrades": true
      }
    ],
    "description": null,
    "isGeneric": false,
    "specialRarity": {},
    "restrictions": [
      {
        "type": "Special",
        "member": null,
        "matchTexts": [
          "Shapeshift"
        ]
      }
    ]
  },
  "Effigy of Fate": {
    "name": "Effigy of Fate",
    "fileNames": {
      "frontJPGs": [
        "cards/Effigy-of-Fate-front-0.jpg"
      ]
    },
    "cost": 2,
    "rarity": 1,
    "factions": [
      "Arcanists",
      "Bayou",
      "Explorer's Society",
      "Guild",
      "Neverborn",
      "Outcasts",
      "Resurrectionist",
      "Ten Thunders"
    ],
    "cardText": "Restricted (Effigy)  Effigy of Fate 2 This Upgrade is a part of every Faction. This model gains the following Ability: Effigy of Fate: During the Start Phase of Turn 3 and every Turn after, this model may be Replaced with an Emissary of Fate model that shares a Faction with this model. If it does so, the new model Heals 2.",
    "replacements": [
      {
        "replaceWith": [
          "Arcane Emissary",
          "Brutal Emissary",
          "Carrion Emissary",
          "Hodgepodge Emissary",
          "Lucky Emissary",
          "Mysterious Emissary",
          "Shadow Emissary",
          "Intrepid Emissary"
        ],
        "matchFaction": "model",
        "heals": 2
      }
    ],
    "description": null,
    "isGeneric": false,
    "specialRarity": {},
    "restrictions": [
      {
        "type": "Restricted",
        "member": "keywords",
        "matchTexts": [
          "EFFIGY"
        ]
      }
    ]
  },
  "Magical Training": {
    "name": "Magical Training",
    "fileNames": {
      "frontJPGs": [
        "cards/Arcanists/Magical-Training-front-0.jpg"
      ]
    },
    "cost": 2,
    "rarity": 2,
    "factions": [
      "Arcanists"
    ],
    "cardText": "Plentiful (2) Magical Training 2 This model gains the following Abilities: Arcane Shield +1: During the Start Phase, this model gains Shielded +1. Counterspell: Enemy models within a6 must each discard a card to declare Triggers during opposed duels with this model. If this model is a Minion, it also gains the following Ability: Arcane Reservoir: Crews containing one or more models with this Ability increase their Maximum Hand Size by one.",
    "description": null,
    "isGeneric": true,
    "specialRarity": {},
    "restrictions": []
  },
  "Diesel Engine": {
    "name": "Diesel Engine",
    "fileNames": {
      "frontJPGs": [
        "cards/Arcanists/Diesel-Engine-front-0.jpg"
      ]
    },
    "cost": 2,
    "rarity": 2,
    "factions": [
      "Arcanists"
    ],
    "cardText": "Restricted (Construct) Plentiful (2) Diesel Engine 2 This model gains the following Abilities: Sputtering Exhaust: Models within a2 of this model have Concealment. Charge Through: This model's y Actions that are generated by the Charge Action receive a + to their damage flip. If this model is a Minion, it also gains the following Ability: On the Move: At the start of this model's Activation, it may move up to 3\", ignoring other models.",
    "description": null,
    "isGeneric": true,
    "specialRarity": {},
    "restrictions": [
      {
        "type": "Restricted",
        "member": "attributes",
        "matchTexts": [
          "Construct"
        ]
      }
    ]
  },
  "Soulstone Cache": {
    "name": "Soulstone Cache",
    "fileNames": {
      "frontJPGs": [
        "cards/Arcanists/Soulstone-Cache-front-0.jpg"
      ]
    },
    "cost": 2,
    "rarity": 2,
    "factions": [
      "Arcanists"
    ],
    "cardText": "Plentiful (2) Soulstone Cache 2 This model gains the following Abilities: Attuned: This model may use Soulstones. Recharge Soulstone: After a model is killed within a3 of this model, add one Soulstone to this Crew's Soulstone Pool. If this model is a Minion, it also gains the following Ability: Empower: Friendly models within a5 that spend one or more Soulstones during a duel receive a + to that duel.",
    "description": null,
    "isGeneric": true,
    "specialRarity": {},
    "restrictions": []
  },
  "Invention": {
    "name": "Invention",
    "fileNames": {
      "frontJPGs": [
        "cards/Dead Mans Hand/Invention-front-0.jpg"
      ]
    },
    "cost": 0,
    "rarity": 2,
    "factions": [
      "Dead Man's Hand",
      "Arcanists"
    ],
    "keywords": [
      "MACHINA"
    ],
    "cardText": "Special (Summon, Invention) Plentiful (2) Invention 0 If Ramos is this Crew's Leader, increase this Upgrade's Plentiful Limitation to Plentiful (5). After Attaching this Upgrade, this model gains Stunned. This model gains the following Ability: Spark Shower: Non-Construct models that start their Activation within a1 of this model suffer 1 damage. MACHINA",
    "description": null,
    "isGeneric": false,
    "specialRarity": {},
    "restrictions": [
      {
        "type": "Special",
        "member": null,
        "matchTexts": [
          "Summon",
          "Invention"
        ]
      }
    ]
  },
  "Clean-Up Duty": {
    "name": "Clean-Up Duty",
    "fileNames": {
      "frontJPGs": [
        "cards/Bayou/Clean-Up-Duty-front-0.jpg"
      ]
    },
    "cost": 0,
    "rarity": 1,
    "factions": [
      "Bayou"
    ],
    "keywords": [
      "KIN"
    ],
    "cardText": "Special (Arsenal)  Clean-Up Duty 0 If this Upgrade is Attached to Ophelia LaCroix, after resolving an Action on this Upgrade, this model may discard it to deal 1 damage to a model within a6. This model gains the following Ability: Plink!: When this model suffers damage, it may discard this Upgrade to reduce the damage suffered by 1. This model gains the following Action: Attack Actions Rg Stat Rst TN Clean-Up Duty z12\" 6 Df - This Action ignores LoS. Target suffers 1b/1bb/2bbbb damage. Models damaged by this Action gain Injured +1. c Glass Shards: For each model damaged by this Action, Create a Hazardous Glass Marker within 1\" of that model. KIN",
    "description": null,
    "isGeneric": false,
    "specialRarity": {},
    "restrictions": [
      {
        "type": "Special",
        "member": null,
        "matchTexts": [
          "Arsenal"
        ]
      }
    ]
  },
  "Hooch Igniter": {
    "name": "Hooch Igniter",
    "fileNames": {
      "frontJPGs": [
        "cards/Bayou/Hooch-Igniter-front-0.jpg"
      ]
    },
    "cost": 0,
    "rarity": 1,
    "factions": [
      "Bayou"
    ],
    "keywords": [
      "KIN"
    ],
    "cardText": "Special (Arsenal)  Hooch Igniter 0 If this Upgrade is Attached to Ophelia LaCroix, after resolving an Action on this Upgrade, this model may discard it to deal 1 damage to a model within a6. This model gains the following Ability: Plink!: When this model suffers damage, it may discard this Upgrade to reduce the damage suffered by 1. This model gains the following Action: Attack Actions Rg Stat Rst TN Hooch Igniter z8\" 6 Mv - Target suffers 2b/3b/4bb damage. Models damaged by this Action gain Burning +1. t Light a Fire Under Them: Friendly models damaged by this Action end all non-Burning Conditions. KIN",
    "description": null,
    "isGeneric": false,
    "specialRarity": {},
    "restrictions": [
      {
        "type": "Special",
        "member": null,
        "matchTexts": [
          "Arsenal"
        ]
      }
    ]
  },
  "Firecracker Flingshot": {
    "name": "Firecracker Flingshot",
    "fileNames": {
      "frontJPGs": [
        "cards/Bayou/Firecracker-Flingshot-front-0.jpg"
      ]
    },
    "cost": 0,
    "rarity": 1,
    "factions": [
      "Bayou"
    ],
    "keywords": [
      "KIN"
    ],
    "cardText": "Special (Arsenal)  Firecracker Flingshot 0 If this Upgrade is Attached to Ophelia LaCroix, after resolving an Action on this Upgrade, this model may discard it to deal 1 damage to a model within a6. This model gains the following Ability: Plink!: When this model suffers damage, it may discard this Upgrade to reduce the damage suffered by 1. This model gains the following Action: Attack Actions Rg Stat Rst TN Firecracker z8\" 6 * 12 Flingshot Shockwave 2, Wp 14, Damage 1 and Distracted +1. R Cataclysm: When resolving, Drop another Shockwave Marker within range and LoS. c Burnt to a Crisp: Scheme Markers touching a Shockwave Marker or a p generated by this Shockwave are removed. KIN",
    "description": null,
    "isGeneric": false,
    "specialRarity": {},
    "restrictions": [
      {
        "type": "Special",
        "member": null,
        "matchTexts": [
          "Arsenal"
        ]
      }
    ]
  },
  "Tar Bomb": {
    "name": "Tar Bomb",
    "fileNames": {
      "frontJPGs": [
        "cards/Bayou/Tar-Bomb-front-0.jpg"
      ]
    },
    "cost": 0,
    "rarity": 1,
    "factions": [
      "Bayou"
    ],
    "keywords": [
      "KIN"
    ],
    "cardText": "Special (Arsenal)  Tar Bomb 0 If this Upgrade is Attached to Ophelia LaCroix, after resolving an Action on this Upgrade, this model may discard it to deal 1 damage to a model within a6. This model gains the following Ability: Plink!: When this model suffers damage, it may discard this Upgrade to reduce the damage suffered by 1. This model gains the following Action: Attack Actions Rg Stat Rst TN Tar Bomb z8\" 6 Df 12 Target suffers 1/1/2 damage and gains Staggered. If the target has the Burning Condition, it instead suffers 3/5/6 damage and gains Burning +2. R Flame Wall: Target must have Burning +3 or greater. Create a 50mm Hazardous (Burning +1) Pyre Marker within 1\" of the target. KIN",
    "description": null,
    "isGeneric": false,
    "specialRarity": {},
    "restrictions": [
      {
        "type": "Special",
        "member": null,
        "matchTexts": [
          "Arsenal"
        ]
      }
    ]
  },
  "Trash Cannon": {
    "name": "Trash Cannon",
    "fileNames": {
      "frontJPGs": [
        "cards/Bayou/Trash-Cannon-front-0.jpg"
      ]
    },
    "cost": 0,
    "rarity": 1,
    "factions": [
      "Bayou"
    ],
    "keywords": [
      "KIN"
    ],
    "cardText": "Special (Arsenal)  Trash Cannon 0 If this Upgrade is Attached to Ophelia LaCroix, after resolving an Action on this Upgrade, this model may discard it to deal 1 damage to a model within a6. This model gains the following Ability: Plink!: When this model suffers damage, it may discard this Upgrade to reduce the damage suffered by 1. This model gains the following Action: Attack Actions Rg Stat Rst TN Trash Cannon z18\" 6 Df - Enemy only. Target suffers 1/2/4b damage. Drop a Scrap Marker into base contact with the target. R Critical Strike: When resolving, the target suffers +1 damage for each r in this Action's final duel total (to a maximum of +2). M Swift Action: Take this Action again. KIN",
    "description": null,
    "isGeneric": false,
    "specialRarity": {},
    "restrictions": [
      {
        "type": "Special",
        "member": null,
        "matchTexts": [
          "Arsenal"
        ]
      }
    ]
  },
  "Bombs In Yer Belly": {
    "name": "Bombs In Yer Belly",
    "fileNames": {
      "frontJPGs": [
        "cards/Bayou/Bombs-In-Yer-Belly-front-0.jpg"
      ]
    },
    "cost": 0,
    "rarity": 3,
    "factions": [
      "Bayou"
    ],
    "keywords": [
      "FOUNDRY",
      "TRICKSY"
    ],
    "cardText": "Special (Explosive) Plentiful (3) Bombs In Yer Belly 0 This model gains the following Ability: Unstable Explosives: When this model suffers damage from an effect with a damage flip, it suffers +b damage. This b Marker is always Dropped by the model that Attached this Upgrade to this model, after any other b Markers have been Dropped. If this model does not have the Demise (Explosive +X) Ability it gains: Demise (Explosive +3): After this model is killed, models within p2 suffer +3 damage. This model does not Drop any Markers when killed. FOUNDRY TRICKSY",
    "description": null,
    "isGeneric": false,
    "specialRarity": {},
    "restrictions": [
      {
        "type": "Special",
        "member": null,
        "matchTexts": [
          "Explosive"
        ]
      }
    ]
  },
  "In the Eye of the Beer-Holder": {
    "name": "In the Eye of the Beer-Holder",
    "fileNames": {
      "frontJPGs": [
        "cards/Bayou/In-the-Eye-of-the-Beer-Holder-front-0.jpg"
      ]
    },
    "cost": 0,
    "rarity": 1,
    "factions": [
      "Bayou"
    ],
    "keywords": [
      "TRI-CHI"
    ],
    "cardText": "Special (Pour One Out)  In the Eye of the Beer-Holder 0 This model gains the following Ability: Intoxication: Enemy models with Poison +3 or greater that start their Activation within a8 gain Slow. This model gains the following Action: Attack Actions Rg Stat Rst TN Lure 12\" 5 Wp - Move the target its Mv toward this model. M A Small Favor: Target must have Poison +3 or greater. Non-Master only. Target takes a non-F Action chosen and controlled by this model that does not Attach Upgrades or list a model by name. TRI-CHI",
    "description": null,
    "isGeneric": false,
    "specialRarity": {},
    "restrictions": [
      {
        "type": "Special",
        "member": null,
        "matchTexts": [
          "Pour One Out"
        ]
      }
    ]
  },
  "Drunk and Stupid": {
    "name": "Drunk and Stupid",
    "fileNames": {
      "frontJPGs": [
        "cards/Bayou/Drunk-and-Stupid-front-0.jpg"
      ]
    },
    "cost": 0,
    "rarity": 2,
    "factions": [
      "Bayou"
    ],
    "keywords": [
      "BIG HAT"
    ],
    "cardText": "Special (Summon, Family Gathering) Plentiful (2) Drunk and Stupid 0 If Som'er Teeth Jones is this Crew's Leader, increase this Upgrade's Plentiful Limitation to Plentiful (5). After Attaching this Upgrade, this model gains Slow. This model gains the following Action: Tactical Actions Rg Stat Rst TN F Trusty Flask - 5 - 10 This model Heals 1/2/3 and gains Poison +1. BIG HAT",
    "description": null,
    "isGeneric": false,
    "specialRarity": {},
    "restrictions": [
      {
        "type": "Special",
        "member": null,
        "matchTexts": [
          "Summon",
          "Family Gathering"
        ]
      }
    ]
  },
  "Twelve Cups of Coffee": {
    "name": "Twelve Cups of Coffee",
    "fileNames": {
      "frontJPGs": [
        "cards/Bayou/Twelve-Cups-of-Coffee-front-0.jpg"
      ]
    },
    "cost": 2,
    "rarity": 2,
    "factions": [
      "Bayou"
    ],
    "cardText": "Plentiful (2) Twelve Cups of Coffee 2 This model gains the following Ability: Diversion: Enemy models within a4 cannot declare F Actions. This model gains the following Action: Tactical Actions Rg Stat Rst TN F Mark Territory p3\" 6 - 10 Remove all Scheme Markers within range. This model gains Focused +1 for each Marker removed this way. If this model is a Minion, it gains the following Ability: Twitchy: After another model ends its Activation, if this model is unengaged, this model may move up to 1\".",
    "description": null,
    "isGeneric": true,
    "specialRarity": {},
    "restrictions": []
  },
  "Two Gremlins in a Ghillie Suit": {
    "name": "Two Gremlins in a Ghillie Suit",
    "fileNames": {
      "frontJPGs": [
        "cards/Bayou/Two-Gremlins-in-a-Ghillie-Suit-front-0.jpg"
      ]
    },
    "cost": 2,
    "rarity": 2,
    "factions": [
      "Bayou"
    ],
    "cardText": "Plentiful (2) Two Gremlins in a Ghillie Suit 2 This model gains the following Abilities: Gremlin on Yer Head: This model has +1 Sz. Disguised: This model cannot be the target of Actions generated by the Charge Action. Demise (I'm Done With This): After this model is killed, Summon a Bayou Gremlin into base contact with this model. If this model is a Minion, it gains the following Action: Attack Actions Rg Stat Rst TN F Sidearm z6\" 6 Df - Target suffers 2/3/3 damage.",
    "description": null,
    "isGeneric": true,
    "specialRarity": {},
    "restrictions": []
  },
  "Inferiority Complex": {
    "name": "Inferiority Complex",
    "fileNames": {
      "frontJPGs": [
        "cards/Bayou/Inferiority-Complex-front-0.jpg"
      ]
    },
    "cost": 2,
    "rarity": 2,
    "factions": [
      "Bayou"
    ],
    "cardText": "Plentiful (2) Inferiority Complex 2 This model gains the following Abilities: Ruthless: This model ignores the Terrifying and Manipulative Abilities of other models. Swagger: After this model resolves the Walk Action, if this model does not have the Focused Condition, it gains Focused +1. If this model is a Minion, it gains the following Ability: Bully: After this model targets a model with lower Cost with an Action, this model may add one suit of its choice to its final duel.",
    "description": null,
    "isGeneric": true,
    "specialRarity": {},
    "restrictions": []
  },
  "Wanga Mojo Curse": {
    "name": "Wanga Mojo Curse",
    "fileNames": {
      "frontJPGs": [
        "cards/Neverborn/Wanga-Mojo-Curse-front-0.jpg"
      ]
    },
    "cost": 0,
    "rarity": 1,
    "factions": [
      "Neverborn",
      "Bayou"
    ],
    "keywords": [
      "SWAMPFIEND"
    ],
    "cardText": "Special (Voodoo, Cursed) Wanga Mojo Curse 0 This model gains the following Abilities: Linked Fate: After an enemy Voodoo Doll suffers damage, this model suffers 1 damage. If an enemy Voodoo Doll gains a Condition, this model gains the same Condition with a total value of +1 (if applicable). “That Doesn't Look Like Me...”: At the start of this model's Activation, this model may discard three cards or two Soulstones. If it does so, discard this Upgrade. SWAMPFIEND",
    "description": null,
    "isGeneric": false,
    "specialRarity": {},
    "restrictions": [
      {
        "type": "Special",
        "member": null,
        "matchTexts": [
          "Voodoo",
          "Cursed"
        ]
      }
    ]
  },
  "Action Scene": {
    "name": "Action Scene",
    "fileNames": {
      "frontJPGs": [
        "cards/Dead Mans Hand/Action-Scene-front-0.jpg"
      ]
    },
    "cost": 0,
    "rarity": 1,
    "factions": [
      "Dead Man's Hand",
      "Neverborn"
    ],
    "keywords": [
      "PUPPET"
    ],
    "cardText": "Special (Act) Action Scene 0 After Attaching this Upgrade, all friendly Puppets within p6 of this model gain Focused +1. Friendly Marionette models gain the following Ability: Know the Warrior: After this model Cheats Fate in an opposed duel with an enemy model, if this model has Focused, it may draw a card after resolving the current Action. This model's Dangling on the Strings Action gains the following Trigger: M Get in There: A friendly Minion within LoS of the target may Push up to 3\" toward the target. This model gains the following Action: Attack Actions Rg St Rst TN Collier Revolver z12\" 6 Df - Target suffers 2/3/4 damage. PUPPET",
    "description": null,
    "isGeneric": false,
    "specialRarity": {},
    "restrictions": [
      {
        "type": "Special",
        "member": null,
        "matchTexts": [
          "Act"
        ]
      }
    ]
  },
  "Love Scene": {
    "name": "Love Scene",
    "fileNames": {
      "frontJPGs": [
        "cards/Dead Mans Hand/Love-Scene-front-0.jpg"
      ]
    },
    "cost": 0,
    "rarity": 1,
    "factions": [
      "Dead Man's Hand",
      "Neverborn"
    ],
    "keywords": [
      "PUPPET"
    ],
    "cardText": "Special (Act) Love Scene 0 After Attaching this Upgrade, all enemy models within p6 that are engaging a friendly Puppet gain Slow. This model's Dangling on the Strings Action gains the following Trigger: c Unrequited Love: Enemy only. Choose another enemy model in the target's LoS. The chosen model gains Distracted +1. This model gains the following Action: Attack Actions Rg St Rst TN Lure 12\" 6 Wp 12 Move the target its Mv toward this model. PUPPET",
    "description": null,
    "isGeneric": false,
    "specialRarity": {},
    "restrictions": [
      {
        "type": "Special",
        "member": null,
        "matchTexts": [
          "Act"
        ]
      }
    ]
  },
  "Soliloquy": {
    "name": "Soliloquy",
    "fileNames": {
      "frontJPGs": [
        "cards/Dead Mans Hand/Soliloquy-front-0.jpg"
      ]
    },
    "cost": 0,
    "rarity": 1,
    "factions": [
      "Dead Man's Hand",
      "Neverborn"
    ],
    "keywords": [
      "PUPPET"
    ],
    "cardText": "Special (Act) Soliloquy 0 After Attaching this Upgrade, enemy models within p6 of this model gain Distracted +1. This model gains the following Ability: Chatty: Enemy models within a6 must each discard a card to take the Interact Action. This model gains the following Action: TACTICAL Actions Rg St Rst TN F Boring A6\" 5 - 13 Conversation Until the End Phase, when an enemy model within range declares a non-Walk Action it must pass a TN 10 Wp duel or the Action fails. PUPPET",
    "description": null,
    "isGeneric": false,
    "specialRarity": {},
    "restrictions": [
      {
        "type": "Special",
        "member": null,
        "matchTexts": [
          "Act"
        ]
      }
    ]
  },
  "Walking Dead": {
    "name": "Walking Dead",
    "fileNames": {
      "frontJPGs": [
        "cards/Dead Mans Hand/Walking-Dead-front-0.jpg"
      ]
    },
    "cost": 0,
    "rarity": 2,
    "factions": [
      "Dead Man's Hand",
      "Resurrectionist"
    ],
    "keywords": [
      "MORTUARY"
    ],
    "cardText": "Special (Summon, Necromancy) Plentiful (2) Walking Dead 0 If Nicodem is this Crew's Leader, increase this Upgrade's Plentiful Limitation to Plentiful (5). After Attaching this Upgrade, this model it gains Slow. Falling Apart: At the start of this model's Activation, if this model is more than 8\" from any friendly models with the Necromantic Font Ability, this model must either remove a Corpse Marker within 3\" or suffer irreducible damage equal to half its current Health and Drop a Corpse Marker into base contact with itself. MORTUARY",
    "description": null,
    "isGeneric": false,
    "specialRarity": {},
    "restrictions": [
      {
        "type": "Special",
        "member": null,
        "matchTexts": [
          "Summon",
          "Necromancy"
        ]
      }
    ]
  },
  "Lead-Lined Coat": {
    "name": "Lead-Lined Coat",
    "fileNames": {
      "frontJPGs": [
        "cards/Guild/Lead-Lined-Coat-front-0.jpg"
      ]
    },
    "cost": 2,
    "rarity": 2,
    "factions": [
      "Guild"
    ],
    "cardText": "Restricted (Living or Undead) Plentiful (2) Lead-Lined Coat 2 This model gains the following Abilities: Armor +1: Reduce all damage suffered by this model by +1. Laugh Off: If this model would be moved during an enemy model's Activation or from an enemy model's effect, it may choose not to. If this model is a Minion, it gains the following Ability: Hunker Down: At the end of this model's Activation, if it did not move during its Activation, it gains Shielded +2.",
    "description": null,
    "isGeneric": true,
    "specialRarity": {},
    "restrictions": [
      {
        "type": "Restricted",
        "member": "attributes",
        "matchTexts": [
          "Living",
          "Undead"
        ]
      }
    ]
  },
  "On Patrol": {
    "name": "On Patrol",
    "fileNames": {
      "frontJPGs": [
        "cards/Guild/On-Patrol-front-0.jpg"
      ]
    },
    "cost": 0,
    "rarity": 2,
    "factions": [
      "Guild"
    ],
    "keywords": [
      "GUARD"
    ],
    "cardText": "Special (Summon, Reinforcements) Plentiful (2) On Patrol 0 If Dashel Barker is this Crew's Leader, increase this Upgrade's Plentiful Limitation to Plentiful (5). After Attaching this Upgrade, this model gains Slow. This model gains the following Action: Tactical Actions Rg Stat Rst TN F “I Need Backup!” 8\" - - Target a friendly Guard Patrol or model with a Reinforcements Upgrade. Push the target up to 3\" toward this model. GUARD",
    "description": null,
    "isGeneric": false,
    "specialRarity": {},
    "restrictions": [
      {
        "type": "Special",
        "member": null,
        "matchTexts": [
          "Summon",
          "Reinforcements"
        ]
      }
    ]
  },
  "Skybound Ally": {
    "name": "Skybound Ally",
    "fileNames": {
      "frontJPGs": [
        "cards/Guild/Skybound-Ally-front-0.jpg"
      ]
    },
    "cost": 0,
    "rarity": 2,
    "factions": [
      "Guild"
    ],
    "keywords": [
      "FRONTIER"
    ],
    "cardText": "Special (Raptor) Plentiful (2) Skybound Ally 0 This model gains the following Ability: “CAW!”: After this model suffers damage, it may discard this Upgrade to reduce that damage to 0. Demise (You're Free Now…): After this model is killed, Summon a Trained Raptor with Fast anywhere within 3\" of it. This model gains the following Action: Attack Actions Rg Stat Rst TN F Angry Raptor 14\" 6 Df - This Action ignores Cover, Concealment, and LoS. Target suffers 1/3/4 damage. R Critical Strike: When resolving, the target suffers +1 damage for each r in this Action's final duel total (to a maximum of +2). M Onslaught: Take this Action again, targeting the same model. FRONTIER",
    "description": null,
    "isGeneric": false,
    "specialRarity": {},
    "restrictions": [
      {
        "type": "Special",
        "member": null,
        "matchTexts": [
          "Raptor"
        ]
      }
    ]
  },
  "Expert Marksman": {
    "name": "Expert Marksman",
    "fileNames": {
      "frontJPGs": [
        "cards/Guild/Expert-Marksman-front-0.jpg"
      ]
    },
    "cost": 2,
    "rarity": 2,
    "factions": [
      "Guild"
    ],
    "cardText": "Plentiful (2) Expert Marksman 2 This model gains the following Ability: Expert Shot: This model's Attack Actions ignore Friendly Fire. This model's z Actions gains the following Trigger: t Armor Piercing: When resolving, damage from this Action ignores Armor. If this model is a Minion, it gains the following Ability: Sharpshooter: This model's z Actions ignore Cover and Concealment.",
    "description": null,
    "isGeneric": true,
    "specialRarity": {},
    "restrictions": []
  },
  "No Prisoners": {
    "name": "No Prisoners",
    "fileNames": {
      "frontJPGs": [
        "cards/Guild/No-Prisoners-front-0.jpg"
      ]
    },
    "cost": 2,
    "rarity": 2,
    "factions": [
      "Guild"
    ],
    "cardText": "Plentiful (2) No Prisoners 2 This model gains the following Ability: On the Prowl: After this model kills an enemy model, it Heals 1 and may Push up to 2\" in any direction. Riot Gear. If this model is a Minion, it gains the following Ability: \"Catch Them!\"",
    "description": null,
    "isGeneric": true,
    "specialRarity": {},
    "restrictions": []
  },
  "Violation of Magic": {
    "name": "Violation of Magic",
    "fileNames": {
      "frontJPGs": [
        "cards/Guild/Violation-of-Magic-front-0.jpg"
      ]
    },
    "cost": 0,
    "rarity": 2,
    "factions": [
      "Guild"
    ],
    "keywords": [
      "WITCH HUNTER"
    ],
    "cardText": "Special (Summon, Enthralled) Plentiful (2) Violation of Magic 0 If Sonnia Criid is this Crew's Leader, increase this Upgrade's Plentiful Limitation to Plentiful (3). This model gains the following Ability: Consumed by Fire: At the start of this model's Activation, it gains Burning +1. WITCH HUNTER",
    "description": null,
    "isGeneric": false,
    "specialRarity": {},
    "restrictions": [
      {
        "type": "Special",
        "member": null,
        "matchTexts": [
          "Summon",
          "Enthralled"
        ]
      }
    ]
  },
  "See My Shadow Changing": {
    "name": "See My Shadow Changing",
    "fileNames": {
      "frontJPGs": [
        "cards/Neverborn/See-My-Shadow-Changing-front-0.jpg"
      ]
    },
    "cost": 0,
    "rarity": 1,
    "factions": [
      "Neverborn"
    ],
    "keywords": [
      "NIGHTMARE"
    ],
    "cardText": "Special (Shadow Lair)  See My Shadow Changing 0 This model gains the following Abilities: A Nest of Shadow: At the start of this model's Activation, it suffers 1 damage and gains Injured +1. If this model is killed, all Buried enemy Bandersnatch models Unbury in base contact with this model and Heal 2. If an enemy Bandersnatch Unburies, discard this Upgrade. My Shadow: This model and other friendly models in base contact may target Buried enemy Bandersnatch models with y Actions, ignoring range and LoS. Other friendly models suffer a - to these Actions. If an enemy Bandersnatch is killed, discard this Upgrade. NIGHTMARE",
    "description": null,
    "isGeneric": false,
    "specialRarity": {},
    "restrictions": [
      {
        "type": "Special",
        "member": null,
        "matchTexts": [
          "Shadow Lair"
        ]
      }
    ]
  },
  "Waking Dream": {
    "name": "Waking Dream",
    "fileNames": {
      "frontJPGs": [
        "cards/Neverborn/Waking-Dream-front-0.jpg"
      ]
    },
    "cost": 0,
    "rarity": 2,
    "factions": [
      "Neverborn"
    ],
    "keywords": [
      "NIGHTMARE"
    ],
    "cardText": "Special (Summon, Waking Dream) Plentiful (2) Waking Dream 0 If The Dreamer is this Crew's Leader, increase this Upgrade's Plentiful Limitation to Plentiful (5). When this model is Summoned, it comes into play Buried and gains Stunned. This model gains the following Ability: From Nightmares: After an enemy model fails a Wp duel caused by a friendly Action or Ability, one model with this Ability may Unbury in base contact with the enemy model after resolving the current Action. NIGHTMARE",
    "description": null,
    "isGeneric": false,
    "specialRarity": {},
    "restrictions": [
      {
        "type": "Special",
        "member": null,
        "matchTexts": [
          "Summon",
          "Waking Dream"
        ]
      }
    ]
  },
  "Ancient Pact": {
    "name": "Ancient Pact",
    "fileNames": {
      "frontJPGs": [
        "cards/Neverborn/Ancient-Pact-front-0.jpg"
      ]
    },
    "cost": 2,
    "rarity": 2,
    "factions": [
      "Neverborn"
    ],
    "cardText": "Plentiful (2) Ancient Pact 2 This model gains the following Abilities: Avoid Doom: After this model flips the Black Joker, it may discard the Black Joker without effect and flip a new card in its place. Ill Omens +1: This Crew increases the value of its Initiative flips by +1. If this model is a Minion, it gains the following Ability: Nefarious Pact: At the end of this model's Activation, it may draw a card.",
    "description": null,
    "isGeneric": true,
    "specialRarity": {},
    "restrictions": []
  },
  "Inhuman Reflexes": {
    "name": "Inhuman Reflexes",
    "fileNames": {
      "frontJPGs": [
        "cards/Neverborn/Inhuman-Reflexes-front-0.jpg"
      ]
    },
    "cost": 2,
    "rarity": 2,
    "factions": [
      "Neverborn"
    ],
    "cardText": "Plentiful (2) Inhuman Reflexes 2 This model gains the following Abilities: Blade Rush: When this model takes the Charge Action, it can move through other models. Enemy models moved through in this way suffer 1 damage. Scamper. If this model is a Minion, it gains the following Ability: Mobile Warrior: This model may declare the Charge Action while engaged.",
    "description": null,
    "isGeneric": true,
    "specialRarity": {},
    "restrictions": []
  },
  "Eldritch Magic": {
    "name": "Eldritch Magic",
    "fileNames": {
      "frontJPGs": [
        "cards/Neverborn/Eldritch-Magic-front-0.jpg"
      ]
    },
    "cost": 2,
    "rarity": 2,
    "factions": [
      "Neverborn"
    ],
    "cardText": "Plentiful (2) Eldritch Magic 2 This model gains the following Ability: The Final Veil: After another model is killed within a6, this model Heals 1. This model gains the following Action: Attack Actions Rg Stat Rst TN Dispel Magic 6\" 6 Wp 12 End one Condition on the target. If this model is a Minion, it gains the following Ability: Counterspell: Enemy models within a6 must each discard a card to declare Triggers during opposed duels with this model.",
    "description": null,
    "isGeneric": true,
    "specialRarity": {},
    "restrictions": []
  },
  "Blood Sacrifice": {
    "name": "Blood Sacrifice",
    "fileNames": {
      "frontJPGs": [
        "cards/Neverborn/Blood-Sacrifice-front-0.jpg"
      ]
    },
    "cost": 0,
    "rarity": 2,
    "factions": [
      "Neverborn"
    ],
    "keywords": [
      "FAE"
    ],
    "cardText": "Special (Ritual) Plentiful (2) Blood Sacrifice 0 This model gains the following Ability: Decaying Domain: After this model suffers damage, if it is in base contact with an Underbrush Marker, that Marker and any Underbrush Markers touching it are treated as Hazardous until the End Phase. This model gains the following Action: Tactical Actions Rg Stat Rst TN Complete - - - - the Ritual Unbury a friendly Killjoy in base contact with this model, then kill this model. The Unburied model may Activate immediately after this Activation ends, even if it has already Activated this Turn. FAE",
    "description": null,
    "isGeneric": false,
    "specialRarity": {},
    "restrictions": [
      {
        "type": "Special",
        "member": null,
        "matchTexts": [
          "Ritual"
        ]
      }
    ]
  },
  "Curse of Injustice": {
    "name": "Curse of Injustice",
    "fileNames": {
      "frontJPGs": [
        "cards/Outcasts/Curse-of-Injustice-front-0.jpg"
      ]
    },
    "cost": 0,
    "rarity": 2,
    "factions": [
      "Outcasts",
      "Resurrectionist"
    ],
    "keywords": [
      "TORMENTED"
    ],
    "cardText": "Special (Cursed, Injustice) Plentiful (2) Curse of Injustice 0 If Jack Daw is this Crew's Leader, increase this Upgrade's Plentiful Limitation to Plentiful (5). This model gains the following Abilities: Tormented: This model has the Tormented Keyword. Heavy With Guilt: During the Start Phase, this model gains Staggered. TORMENTED",
    "description": null,
    "isGeneric": false,
    "specialRarity": {},
    "restrictions": [
      {
        "type": "Special",
        "member": null,
        "matchTexts": [
          "Cursed",
          "Injustice"
        ]
      }
    ]
  },
  "Punish the Wicked": {
    "name": "Punish the Wicked",
    "fileNames": {
      "frontJPGs": [
        "cards/Outcasts/Punish-the-Wicked-front-0.jpg"
      ]
    },
    "cost": 0,
    "rarity": 3,
    "factions": [
      "Outcasts"
    ],
    "keywords": [
      "TORMENTED"
    ],
    "cardText": "Special (Cursed, Wicked) Plentiful (3) Punish the Wicked 0 This model gains the following Abilities: Tormented: This model has the Tormented Keyword. Demise (Death Row): After this model is killed, the opposing player may Summon an enemy Guilty into base contact with this model. The Summoned model suffers 2 damage. Found Guilty +1: Increase the opposing Crew's Maximum Hand Size by +1. TORMENTED",
    "description": null,
    "isGeneric": false,
    "specialRarity": {},
    "restrictions": [
      {
        "type": "Special",
        "member": null,
        "matchTexts": [
          "Cursed",
          "Wicked"
        ]
      }
    ]
  },
  "Grenade Belt": {
    "name": "Grenade Belt",
    "fileNames": {
      "frontJPGs": [
        "cards/Outcasts/Grenade-Belt-front-0.jpg"
      ]
    },
    "cost": 0,
    "rarity": 2,
    "factions": [
      "Outcasts"
    ],
    "keywords": [
      "FREIKORPS"
    ],
    "cardText": "Special (Equipment) Plentiful (2) Grenade Belt 0 After this model resolves an Action listed on this Upgrade, discard this Upgrade. This model gains the following Actions: Attack Actions Rg Stat Rst TN F Clockwork z8\" 6 * 13 Grenade This Action ignores LoS. Shockwave 1, Mv 12, Damage 2. c Burnt to a Crisp: Scheme Markers touching a Shockwave Marker or a p generated by this Shockwave are removed. F Flash Grenade z8\" 6 * 13 This Action ignores LoS. Shockwave 1, Mv 12, Distracted +2. R Cataclysm: When resolving, Drop another Shockwave Marker within range and LoS. FREIKORPS",
    "description": null,
    "isGeneric": false,
    "specialRarity": {},
    "restrictions": [
      {
        "type": "Special",
        "member": null,
        "matchTexts": [
          "Equipment"
        ]
      }
    ]
  },
  "Land Mines": {
    "name": "Land Mines",
    "fileNames": {
      "frontJPGs": [
        "cards/Outcasts/Land-Mines-front-0.jpg"
      ]
    },
    "cost": 0,
    "rarity": 2,
    "factions": [
      "Outcasts"
    ],
    "keywords": [
      "FREIKORPS"
    ],
    "cardText": "Special (Equipment) Plentiful (2) Land Mines 0 After this model resolves an Action listed on this Upgrade, discard this Upgrade. This model gains the following Ability: Demise (Explosive +2): After this model is killed, models within p2 suffer +2 damage. This model does not Drop any Markers when killed. This model gains the following Action: Tactical Actions Rg Stat Rst TN F Land Mines 6\" 6 - 10 Create two 50mm Destructible, Severe, Hazardous Mine Field Markers anywhere within range. M Reposition: Move this model up to 3\". FREIKORPS",
    "description": null,
    "isGeneric": false,
    "specialRarity": {},
    "restrictions": [
      {
        "type": "Special",
        "member": null,
        "matchTexts": [
          "Equipment"
        ]
      }
    ]
  },
  "Rocket Launcher": {
    "name": "Rocket Launcher",
    "fileNames": {
      "frontJPGs": [
        "cards/Outcasts/Rocket-Launcher-front-0.jpg"
      ]
    },
    "cost": 0,
    "rarity": 2,
    "factions": [
      "Outcasts"
    ],
    "keywords": [
      "FREIKORPS"
    ],
    "cardText": "Special (Equipment) Plentiful (2) Rocket Launcher 0 After this model resolves an Action listed on this Upgrade, discard this Upgrade. This model gains the following Actions: Attack Actions Rg Stat Rst TN Rocket Launcher z12\" 6 Df - Once per Turn. Target suffers 2bb/3bb/4bb damage. R Critical Strike: When resolving, the target suffers +1 damage for each r in this Action's final duel total (to a maximum of +2). Tactical Actions Rg Stat Rst TN F Blow It to Hell 8\" 5 - 10 Remove any other Blown Apart Markers Dropped by this model. Drop a Blown Apart Marker within range, then remove any Destructible Terrain within p2 of it. Models within a2 of a Blown Apart Marker do not benefit from having Cover. Blown Apart Markers cannot be removed from effects other than this Action. FREIKORPS",
    "description": null,
    "isGeneric": false,
    "specialRarity": {},
    "restrictions": [
      {
        "type": "Special",
        "member": null,
        "matchTexts": [
          "Equipment"
        ]
      }
    ]
  },
  "Rocket Boots": {
    "name": "Rocket Boots",
    "fileNames": {
      "frontJPGs": [
        "cards/Outcasts/Rocket-Boots-front-0.jpg"
      ]
    },
    "cost": 0,
    "rarity": 2,
    "factions": [
      "Outcasts"
    ],
    "keywords": [
      "FREIKORPS"
    ],
    "cardText": "Special (Equipment) Plentiful (2) Rocket Boots 0 After this model resolves an Action listed on this Upgrade or an Action generated by the Charge Action, discard this Upgrade. This model gains the following Ability: Charge Through: This model's y Actions that are generated by the Charge Action receive a + to their damage flip. This model gains the following Action: Tactical Actions Rg Stat Rst TN F Leap 6\" 3M - 10M Place this model anywhere within range. FREIKORPS",
    "description": null,
    "isGeneric": false,
    "specialRarity": {},
    "restrictions": [
      {
        "type": "Special",
        "member": null,
        "matchTexts": [
          "Equipment"
        ]
      }
    ]
  },
  "Reinforced Assault Shield": {
    "name": "Reinforced Assault Shield",
    "fileNames": {
      "frontJPGs": [
        "cards/Outcasts/Reinforced-Assault-Shield-front-0.jpg"
      ]
    },
    "cost": 0,
    "rarity": 2,
    "factions": [
      "Outcasts"
    ],
    "keywords": [
      "FREIKORPS"
    ],
    "cardText": "Special (Equipment) Plentiful (2) Reinforced Assault Shield 0 When this Upgrade Attaches to this model, this model gains Shielded +2. After the value of this model's Shielded Condition is reduced to 0 during the Activation Phase, discard this Upgrade. This model gains the following Ability: Arcane Shield +2: During the Start Phase, this model gains Shielded +2. This model gains the following Action: Tactical Actions Rg Stat Rst TN F I've Got 6\" 5 - 10 Your Back Target other engaged friendly model. Target is Placed into base contact with this model. R Defensive Reflexes: This model gains Shielded +1. FREIKORPS",
    "description": null,
    "isGeneric": false,
    "specialRarity": {},
    "restrictions": [
      {
        "type": "Special",
        "member": null,
        "matchTexts": [
          "Equipment"
        ]
      }
    ]
  },
  "The Endless Void": {
    "name": "The Endless Void",
    "fileNames": {
      "frontJPGs": [
        "cards/Outcasts/The-Endless-Void-front-0.jpg"
      ]
    },
    "cost": 0,
    "rarity": 2,
    "factions": [
      "Outcasts"
    ],
    "keywords": [
      "OBLITERATION"
    ],
    "cardText": "Special (Summon, Voidling) Plentiful (2) The Endless Void 0 If Tara is this Crew's Leader, increase this Upgrade's Plentiful Limitation to Plentiful (5). When this model is Summoned, it comes into play Buried. OBLITERATION",
    "description": null,
    "isGeneric": false,
    "specialRarity": {},
    "restrictions": [
      {
        "type": "Special",
        "member": null,
        "matchTexts": [
          "Summon",
          "Voidling"
        ]
      }
    ]
  },
  "Memento": {
    "name": "Memento",
    "fileNames": {
      "frontJPGs": [
        "cards/Outcasts/Memento-front-0.jpg"
      ]
    },
    "cost": 0,
    "rarity": 1,
    "factions": [
      "Outcasts"
    ],
    "keywords": [
      "EMISSARY"
    ],
    "cardText": "Special (Trinket) Memento 0 This model gains the following Ability: Companion: After a friendly model ends its Activation within 6\" of this model, if this model has not Activated this Turn, it may discard a card or Pass Token to do so. EMISSARY",
    "description": null,
    "isGeneric": false,
    "specialRarity": {},
    "restrictions": [
      {
        "type": "Special",
        "member": null,
        "matchTexts": [
          "Trinket"
        ]
      }
    ]
  },
  "Pretty Floral Bonnet": {
    "name": "Pretty Floral Bonnet",
    "fileNames": {
      "frontJPGs": [
        "cards/Outcasts/Pretty-Floral-Bonnet-front-0.jpg"
      ]
    },
    "cost": 0,
    "rarity": 1,
    "factions": [
      "Outcasts"
    ],
    "keywords": [
      "EMISSARY"
    ],
    "cardText": "Special (Trinket) Pretty Floral Bonnet 0 This model gains the following Ability: Don't Mind Me: This model may take the Interact Action while engaged or if it has taken the Disengage Action this Activation. EMISSARY",
    "description": null,
    "isGeneric": false,
    "specialRarity": {},
    "restrictions": [
      {
        "type": "Special",
        "member": null,
        "matchTexts": [
          "Trinket"
        ]
      }
    ]
  },
  "Vitality Potion": {
    "name": "Vitality Potion",
    "fileNames": {
      "frontJPGs": [
        "cards/Outcasts/Vitality-Potion-front-0.jpg"
      ]
    },
    "cost": 0,
    "rarity": 1,
    "factions": [
      "Outcasts"
    ],
    "keywords": [
      "EMISSARY"
    ],
    "cardText": "Special (Trinket) Vitality Potion 0 This model gains the following Ability: Regeneration +1: At the start of this model's Activation, it Heals +1. EMISSARY",
    "description": null,
    "isGeneric": false,
    "specialRarity": {},
    "restrictions": [
      {
        "type": "Special",
        "member": null,
        "matchTexts": [
          "Trinket"
        ]
      }
    ]
  },
  "Soldier for Hire": {
    "name": "Soldier for Hire",
    "fileNames": {
      "frontJPGs": [
        "cards/Outcasts/Soldier-for-Hire-front-0.jpg"
      ]
    },
    "cost": 2,
    "rarity": 2,
    "factions": [
      "Outcasts"
    ],
    "cardText": "Restricted (Living) Plentiful (2) Soldier for Hire 2 This model gains the following Abilities: Hard to Kill: When this model suffers damage, if it has 2 or more Health, it may not be reduced to below 1 Health. This Will Fetch a High Price: After this model uses the Interact Action to remove an enemy Scheme Marker, add one Soulstone to this Crew's Soulstone Pool. If this model is a Minion, it gains the following Ability: Bounty Hunter: After this model kills an enemy model, it may draw a card. If the enemy model was an Enforcer or Henchman, it may draw an additional card. If the enemy model was a Master, it may draw two additional cards and add one Soulstone to this Crew's Soulstone Pool.",
    "description": null,
    "isGeneric": true,
    "specialRarity": {},
    "restrictions": [
      {
        "type": "Restricted",
        "member": "attributes",
        "matchTexts": [
          "Living"
        ]
      }
    ]
  },
  "Servant of Dark Powers": {
    "name": "Servant of Dark Powers",
    "fileNames": {
      "frontJPGs": [
        "cards/Outcasts/Servant-of-Dark-Powers-front-0.jpg"
      ]
    },
    "cost": 2,
    "rarity": 2,
    "factions": [
      "Outcasts"
    ],
    "cardText": "Plentiful (2) Servant of Dark Powers 2 This model gains the following Abilities: Herald: During the Start Phase of the first Turn, this model may move up to 6\". Unnatural Vigor: After killing an enemy model, this model Heals 2. If this model is a Minion with the Terrifying Ability, it increases the value of its Terrifying Ability by +1. If this model is a Minion that does not have the Terrifying Ability, it gains the following Ability: Terrifying (11): After an enemy model targets this model with an Attack Action, the enemy model must pass a TN 11 Wp duel or the Action fails.",
    "description": null,
    "isGeneric": true,
    "specialRarity": {},
    "restrictions": []
  },
  "Wanted Criminal": {
    "name": "Wanted Criminal",
    "fileNames": {
      "frontJPGs": [
        "cards/Outcasts/Wanted-Criminal-front-0.jpg"
      ]
    },
    "cost": 2,
    "rarity": 2,
    "factions": [
      "Outcasts"
    ],
    "cardText": "Plentiful (2) Wanted Criminal 2 This model gains the following Ability: Protection Money: After an enemy Scheme Marker is Dropped within a6, this model may draw a card. This model gains the following Action: Attack Actions Rg Stat Rst TN Expert Thief y1\" 5 Df - Target a model that can use Soulstones. Target must discard a Soulstone. If it does so, add a Soulstone to this Crew's Soulstone Pool. If this model is a Minion, it gains the following Ability: Swagger: After this model resolves the Walk Action, if this model does not have the Focused Condition, it gains Focused +1.",
    "description": null,
    "isGeneric": true,
    "specialRarity": {},
    "restrictions": []
  },
  "The Darkness Beckons": {
    "name": "The Darkness Beckons",
    "fileNames": {
      "frontJPGs": [
        "cards/Ten Thunders/The-Darkness-Beckons-front-0.jpg"
      ]
    },
    "cost": 0,
    "rarity": 2,
    "factions": [
      "Ten Thunders"
    ],
    "keywords": [
      "HONEYPOT"
    ],
    "cardText": "Special (Summon, Darkened) Plentiful (2) The Darkness Beckons 0 If Jakob Lynch is this Crew's Leader, increase this Upgrade's Plentiful Limitation to Plentiful (3). This model gains the following Abilities: Brilliant Glow: At the end of this model's Activation, remove a Brilliance Token from this model. Then, every enemy model within p2 of this model gains a Brilliance Token. Fade into Darkness: At the end of any Activation, if this model has no Brilliance Tokens, it is killed (ignoring any Demise Abilities). HONEYPOT",
    "description": null,
    "isGeneric": false,
    "specialRarity": {},
    "restrictions": [
      {
        "type": "Special",
        "member": null,
        "matchTexts": [
          "Summon",
          "Darkened"
        ]
      }
    ]
  },
  "Phantasmal Mask": {
    "name": "Phantasmal Mask",
    "fileNames": {
      "frontJPGs": [
        "cards/Ten Thunders/Phantasmal-Mask-front-0.jpg"
      ]
    },
    "cost": 0,
    "rarity": 2,
    "factions": [
      "Ten Thunders",
      "Explorer's Society"
    ],
    "keywords": [
      "WASTREL"
    ],
    "cardText": "Special (Artifact) Plentiful (2) Phantasmal Mask 0 This model gains the following Abilities: Paid With Trinkets: At the start of this model's Activation, if this Upgrade was Attached this Turn, this model gains Fast. Life Leech: When an enemy model starts its Activation within a4, this model Heals 1 and the enemy model suffers 1 damage. This model gains the following Actions: Tactical Actions Rg St Rst TN F Protective p3\" 5 - 12 Spirits Friendly models within range gain Shielded +1. R Focused Cleansing: This model Heals 2 and may end a Condition on itself. F “Take This!” 6\" 5 - 9 Choose an Artifact Upgrade Attached to this model. Friendly Minion or Wastrel only. Attach the chosen Upgrade to the target. WASTREL",
    "description": null,
    "isGeneric": false,
    "specialRarity": {},
    "restrictions": [
      {
        "type": "Special",
        "member": null,
        "matchTexts": [
          "Artifact"
        ]
      }
    ]
  },
  "Faded Mirror": {
    "name": "Faded Mirror",
    "fileNames": {
      "frontJPGs": [
        "cards/Ten Thunders/Faded-Mirror-front-0.jpg"
      ]
    },
    "cost": 0,
    "rarity": 2,
    "factions": [
      "Ten Thunders",
      "Explorer's Society"
    ],
    "keywords": [
      "WASTREL"
    ],
    "cardText": "Special (Artifact) Plentiful (2) Faded Mirror 0 This model gains the following Abilities: Paid With Trinkets: At the start of this model's Activation, if this Upgrade was Attached this Turn, this model gains Fast. Know the Warrior: After this model Cheats Fate in an opposed duel with an enemy model, if this model has Focused, it may draw a card after resolving the current Action. This model gains the following Actions: Tactical Actions Rg St Rst TN F Equality of Fate - - - - If the opposing Crew has more cards in its Control Hand than this model's Crew, draw a card. F “Take This!” 6\" 5 - 9 Choose an Artifact Upgrade Attached to this model. Friendly Minion or Wastrel only. Attach the chosen Upgrade to the target. WASTREL",
    "description": null,
    "isGeneric": false,
    "specialRarity": {},
    "restrictions": [
      {
        "type": "Special",
        "member": null,
        "matchTexts": [
          "Artifact"
        ]
      }
    ]
  },
  "Timeworn Blade": {
    "name": "Timeworn Blade",
    "fileNames": {
      "frontJPGs": [
        "cards/Ten Thunders/Timeworn-Blade-front-0.jpg"
      ]
    },
    "cost": 0,
    "rarity": 2,
    "factions": [
      "Ten Thunders",
      "Explorer's Society"
    ],
    "keywords": [
      "WASTREL"
    ],
    "cardText": "Special (Artifact) Plentiful (2) Timeworn Blade 0 This model gains the following Abilities: Paid With Trinkets: At the start of this model's Activation, if this Upgrade was Attached this Turn, this model gains Fast. Precise: This model's y Actions ignore Armor, Hard to Wound, Hard to Kill, and the Shielded Condition. This model gains the following Actions: Tactical Actions Rg St Rst TN F Blade Storm p3\" 5 - 10 Models within range must each pass a TN 12 Df duel or suffer 2 damage. c Severe Injury: Models damaged by this Action gain Injured +1 for each c in this Action's final duel total (to a maximum of Injured +2). F “Take This!” 6\" 5 - 9 Choose an Artifact Upgrade Attached to this model. Friendly Minion or Wastrel only. Attach the chosen Upgrade to the target. WASTREL",
    "description": null,
    "isGeneric": false,
    "specialRarity": {},
    "restrictions": [
      {
        "type": "Special",
        "member": null,
        "matchTexts": [
          "Artifact"
        ]
      }
    ]
  },
  "Asami's Soul": {
    "name": "Asami's Soul",
    "fileNames": {
      "frontJPGs": [
        "cards/Ten Thunders/Asami's-Soul-front-0.jpg"
      ]
    },
    "cost": 0,
    "rarity": 1,
    "factions": [
      "Ten Thunders"
    ],
    "keywords": [
      "ONI"
    ],
    "cardText": "Special (Absorbed Soul)  Asami's Soul 0 This model gains the following Abilities: Attuned: This model may use Soulstones. My True Form: When this model suffers damage, it may discard one Flicker Token to reduce the damage suffered by 3, to a minimum of 0. Bulging Muscles: This model's y Actions inflict +2 damage. Emerald Shimmer: Friendly Oni cannot gain Flicker Tokens while controlled by enemy models. ONI",
    "description": null,
    "isGeneric": false,
    "specialRarity": {},
    "restrictions": [
      {
        "type": "Special",
        "member": null,
        "matchTexts": [
          "Absorbed Soul"
        ]
      }
    ]
  },
  "Ash Ascendant": {
    "name": "Ash Ascendant",
    "fileNames": {
      "frontJPGs": [
        "cards/Ten Thunders/Ash-Ascendant-front-0.jpg"
      ]
    },
    "cost": 0,
    "rarity": 1,
    "factions": [
      "Ten Thunders",
      "Resurrectionist"
    ],
    "keywords": [
      "ANCESTOR"
    ],
    "cardText": "Special (Ascendant) Ash Ascendant 0 After Attaching this Upgrade, every enemy model within pX of this model gains Staggered, where X is equal to the number of Ascendant Upgrades Attached to this model. This model gains the following Ability: Swirling Ash: Friendly models within a3 have Concealment. Enemy models treat the area within a3 as Hazardous Terrain. This model gains the following Action: Tactical Actions Rg St Rst TN Storm of Ash p3\" 3 - 12 Enemy models within range must each pass a TN 13 Mv duel or suffer 2 damage and gain Staggered. ANCESTOR",
    "description": null,
    "isGeneric": false,
    "specialRarity": {},
    "restrictions": [
      {
        "type": "Special",
        "member": null,
        "matchTexts": [
          "Ascendant"
        ]
      }
    ]
  },
  "Blood Ascendant": {
    "name": "Blood Ascendant",
    "fileNames": {
      "frontJPGs": [
        "cards/Ten Thunders/Blood-Ascendant-front-0.jpg"
      ]
    },
    "cost": 0,
    "rarity": 1,
    "factions": [
      "Ten Thunders",
      "Resurrectionist"
    ],
    "keywords": [
      "ANCESTOR"
    ],
    "cardText": "Special (Ascendant) Blood Ascendant 0 After Attaching this Upgrade, this model may take the The Darkest Magics Action. This model gains the following Abilities: Diving Charge: This model may declare the Charge Action while engaged. When this model takes the Charge Action, it ignores terrain while moving and can move through other models. Gunfighter: This model may treat any of its z Actions as having a range of y1\". ANCESTOR",
    "description": null,
    "isGeneric": false,
    "specialRarity": {},
    "restrictions": [
      {
        "type": "Special",
        "member": null,
        "matchTexts": [
          "Ascendant"
        ]
      }
    ]
  },
  "Bone Ascendant": {
    "name": "Bone Ascendant",
    "fileNames": {
      "frontJPGs": [
        "cards/Ten Thunders/Bone-Ascendant-front-0.jpg"
      ]
    },
    "cost": 0,
    "rarity": 1,
    "factions": [
      "Ten Thunders",
      "Resurrectionist"
    ],
    "keywords": [
      "ANCESTOR"
    ],
    "cardText": "Special (Ascendant) Bone Ascendant 0 After Attaching this Upgrade, one friendly Undead model within LoS of this model may take a y Action. This model gains the following Action: Tactical Actions Rg St Rst TN Reclaim Corpse 6\" 3c - 10 Target a Corpse Marker. Add a Soulstone to this Crew's Soulstone Pool. Then, remove the target. c Bone Shard: When resolving, before removing the target, an enemy model within 3\" of it must pass a TN X Df duel or suffer 2/3/4 damage, which suffers a -. The TN of this duel is equal to 10 plus the number of Ascendant Upgrades Attached to this model. ANCESTOR",
    "description": null,
    "isGeneric": false,
    "specialRarity": {},
    "restrictions": [
      {
        "type": "Special",
        "member": null,
        "matchTexts": [
          "Ascendant"
        ]
      }
    ]
  },
  "Flesh Ascendant": {
    "name": "Flesh Ascendant",
    "fileNames": {
      "frontJPGs": [
        "cards/Ten Thunders/Flesh-Ascendant-front-0.jpg"
      ]
    },
    "cost": 0,
    "rarity": 1,
    "factions": [
      "Ten Thunders",
      "Resurrectionist"
    ],
    "keywords": [
      "ANCESTOR"
    ],
    "cardText": "Special (Ascendant) Flesh Ascendant 0 After Attaching this Upgrade, this model and every friendly model with an Attached Reliquary Upgrade Heals X, where X is equal to the number of Ascendant Upgrades Attached to this model. This model gains the following Abilities: Regeneration +2: At the start of this model's Activation, it Heals +2. Eternal Warriors: This model's Instill Youth Action can target friendly models with Attached Reliquary Upgrades regardless of LoS. This model gains the following Action: Tactical Actions Rg St Rst TN F Juggernaut - - - - Discard a card. This model Heals 1/2/4. ANCESTOR",
    "description": null,
    "isGeneric": false,
    "specialRarity": {},
    "restrictions": [
      {
        "type": "Special",
        "member": null,
        "matchTexts": [
          "Ascendant"
        ]
      }
    ]
  },
  "Spirit Ascendant": {
    "name": "Spirit Ascendant",
    "fileNames": {
      "frontJPGs": [
        "cards/Ten Thunders/Spirit-Ascendant-front-0.jpg"
      ]
    },
    "cost": 0,
    "rarity": 1,
    "factions": [
      "Ten Thunders",
      "Resurrectionist"
    ],
    "keywords": [
      "ANCESTOR"
    ],
    "cardText": "Special (Ascendant) Spirit Ascendant 0 After Attaching this Upgrade, this model and every friendly model with an Attached Reliquary Upgrade may Place itself within X\" of its current location, where X is equal to the number of Ascendant Upgrades Attached to this model. This model gains the following Ability: Incorporeal: Reduce all damage this model suffers from Attack Actions by 1, to a minimum of 0. This model ignores terrain while moving and is unaffected by Hazardous Terrain. This model can move through other models and vice versa. ANCESTOR",
    "description": null,
    "isGeneric": false,
    "specialRarity": {},
    "restrictions": [
      {
        "type": "Special",
        "member": null,
        "matchTexts": [
          "Ascendant"
        ]
      }
    ]
  },
  "Fermented River Style": {
    "name": "Fermented River Style",
    "fileNames": {
      "frontJPGs": [
        "cards/Ten Thunders/Fermented-River-Style-front-0.jpg"
      ]
    },
    "cost": 0,
    "rarity": 1,
    "factions": [
      "Ten Thunders"
    ],
    "keywords": [
      "MONK"
    ],
    "cardText": "Special (Style, Fermented River) Fermented River Style 0 This model and friendly Aspiring Student models gain the following Ability: Unpredictable: When taking Actions, this model treats all + as if they were a - and vice-versa. This model gains the following Action: Attack Actions Rg St Rst TN Falling Rave Kick y2\" 6 Df 12 Discard a Chi Token. Place this model into base contact with the target. Target suffers 3 damage and gains Staggered.. This model may move up to 1\" in any direction. t Changing Styles: If this model is this Crew's Leader, Attach a Style Upgrade to this model, then discard this Upgrade. MONK",
    "description": null,
    "isGeneric": false,
    "specialRarity": {},
    "restrictions": [
      {
        "type": "Special",
        "member": null,
        "matchTexts": [
          "Style",
          "Fermented River"
        ]
      }
    ]
  },
  "High River Style": {
    "name": "High River Style",
    "fileNames": {
      "frontJPGs": [
        "cards/Ten Thunders/High-River-Style-front-0.jpg"
      ]
    },
    "cost": 0,
    "rarity": 1,
    "factions": [
      "Ten Thunders"
    ],
    "keywords": [
      "MONK"
    ],
    "cardText": "Special (Style, High River) High River Style 0 This model and friendly Aspiring Student models gain the following Ability: Ruthless: This model ignores the Terrifying and Manipulative Abilities of other models. This model gains the following Action: Attack Actions Rg St Rst TN Flaming y1\" 6 Df - Dragon Kick Discard a Chi Token. Target suffers 3/4/5b damage. Models damaged by this Action gain Burning +2. End the Burning Condition on this model. t Changing Styles: If this model is this Crew's Leader, Attach a Style Upgrade to this model, then discard this Upgrade. MONK",
    "description": null,
    "isGeneric": false,
    "specialRarity": {},
    "restrictions": [
      {
        "type": "Special",
        "member": null,
        "matchTexts": [
          "Style",
          "High River"
        ]
      }
    ]
  },
  "Low River Style": {
    "name": "Low River Style",
    "fileNames": {
      "frontJPGs": [
        "cards/Ten Thunders/Low-River-Style-front-0.jpg"
      ]
    },
    "cost": 0,
    "rarity": 1,
    "factions": [
      "Ten Thunders"
    ],
    "keywords": [
      "MONK"
    ],
    "cardText": "Special (Style, Low River) Low River Style 0 This model and friendly Aspiring Student models gain the following Ability: Pebbles in the Water: After a friendly Monk within a3 flips one or more cards as part of a duel, it may discard one Chi Token to add one suit of its choice to its final duel total. This model gains the following Action: Tactical Actions Rg St Rst TN Revitalize 8\" 6 - 12 Discard a Chi Token. Target Heals 2/3/4. Every friendly model within p1 of the target Heals 1. t Changing Styles: If this model is this Crew's Leader, Attach a Style Upgrade to this model, then discard this Upgrade. MONK",
    "description": null,
    "isGeneric": false,
    "specialRarity": {},
    "restrictions": [
      {
        "type": "Special",
        "member": null,
        "matchTexts": [
          "Style",
          "Low River"
        ]
      }
    ]
  },
  "Wandering River Style": {
    "name": "Wandering River Style",
    "fileNames": {
      "frontJPGs": [
        "cards/Ten Thunders/Wandering-River-Style-front-0.jpg"
      ]
    },
    "cost": 0,
    "rarity": 1,
    "factions": [
      "Ten Thunders"
    ],
    "keywords": [
      "MONK"
    ],
    "cardText": "Special (Style, Wandering River) Wandering River Style 0 This model and friendly Aspiring Student models gain the following Ability: Butterfly Jump: After resolving an enemy Attack Action targeting this model, this model may move up to 3\". This model gains the following Action: Attack Actions Rg St Rst TN Four Winds Punch 8\" 6 Df - Discard a Chi Token. Remove up to three Scheme, Scrap, and/or Corpse Markers within p3 of the target. Push the target 6\" in any direction, then Drop any Markers removed by this Action within p3 of the target. t Changing Styles: If this model is this Crew's Leader, Attach a Style Upgrade to this model, then discard this Upgrade. MONK",
    "description": null,
    "isGeneric": false,
    "specialRarity": {},
    "restrictions": [
      {
        "type": "Special",
        "member": null,
        "matchTexts": [
          "Style",
          "Wandering River"
        ]
      }
    ]
  },
  "Karmic Fate": {
    "name": "Karmic Fate",
    "fileNames": {
      "frontJPGs": [
        "cards/Ten Thunders/Karmic-Fate-front-0.jpg"
      ]
    },
    "cost": 0,
    "rarity": 1,
    "factions": [
      "Ten Thunders"
    ],
    "keywords": [
      "LAST BLOSSOM"
    ],
    "cardText": "Special (Karma) Karmic Fate 0 This model gains the following Abilities: Atonement: At the start of this model's Activation, it may discard two cards to discard this Upgrade. If it does so, an enemy Minako Rei model Heals 2. Final Reward: After this model is killed, the opposing player may Summon an enemy Wanyudo into base contact with this model. If this model was not killed by an enemy Minako Rei, the Summoned model suffers 3 irreducible damage and gains Slow. LAST BLOSSOM",
    "description": null,
    "isGeneric": false,
    "specialRarity": {},
    "restrictions": [
      {
        "type": "Special",
        "member": null,
        "matchTexts": [
          "Karma"
        ]
      }
    ]
  },
  "Reliquary (Chiaki)": {
    "name": "Reliquary (Chiaki)",
    "fileNames": {
      "frontJPGs": [
        "cards/Ten Thunders/Reliquary-(Chiaki)-front-0.jpg"
      ]
    },
    "cost": 0,
    "rarity": 1,
    "factions": [
      "Ten Thunders"
    ],
    "keywords": [
      "ANCESTOR",
      "RETAINER"
    ],
    "cardText": "Special (Reliquary) Reliquary (Chiaki) 0 This Upgrade cannot be Attached to Chiaki models. This model gains the following Abilities: Guardian Spirit: At the start of this model's Activation, it may end any number of Conditions on itself. Manipulative: If this model has not yet Activated this Turn, enemy Attack Actions that target this model suffer a - to their duel. This model gains the following Action: Tactical Actions Rg St Rst TN A New Guardian 6\" - - - Friendly only. Attach this Upgrade to the target. ANCESTOR RETAINER",
    "replacements": [
      {
        "replaceWith": [
          "Chiaki, The Beacon"
        ]
      }
    ],
    "description": null,
    "isGeneric": false,
    "specialRarity": {},
    "restrictions": [
      {
        "type": "Special",
        "member": null,
        "matchTexts": [
          "Reliquary"
        ]
      }
    ]
  },
  "Reliquary (Izamu)": {
    "name": "Reliquary (Izamu)",
    "fileNames": {
      "frontJPGs": [
        "cards/Ten Thunders/Reliquary-(Izamu)-front-0.jpg"
      ]
    },
    "cost": 0,
    "rarity": 1,
    "factions": [
      "Ten Thunders"
    ],
    "keywords": [
      "ANCESTOR",
      "RETAINER"
    ],
    "cardText": "Special (Reliquary) Reliquary (Izamu) 0 This Upgrade cannot be Attached to Izamu models. This model gains the following Abilities: Armor +1: Reduce all damage suffered by this model by +1. Ruthless: This model ignores the Terrifying and Manipulative Abilities of other models. This model gains the following Action: Tactical Actions Rg St Rst TN A New Guardian 6\" - - - Friendly only. Attach this Upgrade to the target. ANCESTOR RETAINER",
    "replacements": [
      {
        "replaceWith": [
          "Izamu, The Armor"
        ]
      }
    ],
    "description": null,
    "isGeneric": false,
    "specialRarity": {},
    "restrictions": [
      {
        "type": "Special",
        "member": null,
        "matchTexts": [
          "Reliquary"
        ]
      }
    ]
  },
  "Given Flesh": {
    "name": "Given Flesh",
    "fileNames": {
      "frontJPGs": [
        "cards/Ten Thunders/Given-Flesh-front-0.jpg"
      ]
    },
    "cost": 0,
    "rarity": 2,
    "factions": [
      "Ten Thunders"
    ],
    "keywords": [
      "ONI"
    ],
    "cardText": "Special (Summon, Manifested) Plentiful (2) Given Flesh 0 If Asami Tanaka is this Crew's Leader, increase this Upgrade's Plentiful Limitation to Plentiful (5). After Attaching this Upgrade, this model gains two Flicker Tokens. It may then remove any number of Corpse Markers or Scrap Markers within p1. For each Marker removed in this way, this model discards one Flicker Token. This model gains the following Ability: Impermanent Form: At the start of this model's Activation, it gains a Flicker Token. ONI",
    "description": null,
    "isGeneric": false,
    "specialRarity": {},
    "restrictions": [
      {
        "type": "Special",
        "member": null,
        "matchTexts": [
          "Summon",
          "Manifested"
        ]
      }
    ]
  },
  "Silent Protector": {
    "name": "Silent Protector",
    "fileNames": {
      "frontJPGs": [
        "cards/Ten Thunders/Silent-Protector-front-0.jpg"
      ]
    },
    "cost": 2,
    "rarity": 2,
    "factions": [
      "Ten Thunders"
    ],
    "cardText": "Plentiful (2) Silent Protector 2 This model gains the following Ability: Hard to Kill: When this model suffers damage, if it has 2 or more Health, it may not be reduced to below 1 Health. This model gains the following Action: Attack Actions Rg St Rst TN F Challenge 8\" 6 Wp 13 Until the End Phase or when this model is killed (whichever comes first), the target must discard a card to target any model other than this model with an Action. If this model is a Minion, it gains the following Ability: Take the Hit: After an enemy model targets a friendly model within a2 with an Attack Action, this model may discard a card to Place itself into base contact with the friendly model and become the new target of the Attack Action (ignoring range, LoS, and targeting restrictions).",
    "description": null,
    "isGeneric": true,
    "specialRarity": {},
    "restrictions": []
  },
  "Trained Ninja": {
    "name": "Trained Ninja",
    "fileNames": {
      "frontJPGs": [
        "cards/Ten Thunders/Trained-Ninja-front-0.jpg"
      ]
    },
    "cost": 2,
    "rarity": 2,
    "factions": [
      "Ten Thunders"
    ],
    "cardText": "Restricted (Living) Plentiful (2) Trained Ninja 2 This model gains the following Abilities: Unimpeded: This model is unaffected by Severe Terrain. Stealth: Enemy models cannot target this model from more than 6\" away. If this model is a Minion, it gains the following Ability: From the Shadows: This model may be deployed at the start of the game, rather than during Deployment. If so, this model may be deployed anywhere on the table that is at least 6\" away from the enemy Deployment Zone, and it may not take the Interact Action on the first Turn.",
    "description": null,
    "isGeneric": true,
    "specialRarity": {},
    "restrictions": [
      {
        "type": "Restricted",
        "member": "attributes",
        "matchTexts": [
          "Living"
        ]
      }
    ]
  },
  "Masked Agent": {
    "name": "Masked Agent",
    "fileNames": {
      "frontJPGs": [
        "cards/Ten Thunders/Masked-Agent-front-0.jpg"
      ]
    },
    "cost": 2,
    "rarity": 2,
    "factions": [
      "Ten Thunders"
    ],
    "cardText": "Plentiful (2) Masked Agent 2 This model gains the following Abilities: With Me: After this model declares the Charge Action, it may choose a friendly model within 3\" of itself. After this model has completed the move portion of its Charge Action, if it is now engaging an enemy model, it may Place the chosen model into base contact with the enemy model. Relentless. If this model is a Minion, its Attack Actions gain the following Trigger: M Coordinated Attack: Another friendly model may take a y Action targeting the same model.",
    "description": null,
    "isGeneric": true,
    "specialRarity": {},
    "restrictions": []
  },
  "Forbidden Knowledge": {
    "name": "Forbidden Knowledge",
    "fileNames": {
      "frontJPGs": [
        "cards/Resurrectionist/Forbidden-Knowledge-front-0.jpg"
      ]
    },
    "cost": 0,
    "rarity": 3,
    "factions": [
      "Resurrectionist"
    ],
    "keywords": [
      "TORMENTED"
    ],
    "cardText": "Special (Cursed, Forbidden) Plentiful (3) Forbidden Knowledge 0 This model gains the following Abilities: Tormented: This model has the Tormented Keyword. Psychotic Break: At the end of this model's Activation, the opposing player may Push this model up to 3\" in any direction. Then, this model must discard a card. Curse of the Hanged Man: At the start of this model's Activation, it may discard a card and suffer 2 irreducible damage to discard this Upgrade. TORMENTED",
    "description": null,
    "isGeneric": false,
    "specialRarity": {},
    "restrictions": [
      {
        "type": "Special",
        "member": null,
        "matchTexts": [
          "Cursed",
          "Forbidden"
        ]
      }
    ]
  },
  "Academic Zeal": {
    "name": "Academic Zeal",
    "fileNames": {
      "frontJPGs": [
        "cards/Resurrectionist/Academic-Zeal-front-0.jpg"
      ]
    },
    "cost": 0,
    "rarity": 2,
    "factions": [
      "Resurrectionist"
    ],
    "keywords": [
      "TRANSMORTIS"
    ],
    "cardText": "Special (Lecture) Plentiful (2) Academic Zeal 0 If Prof. Von Schtook is this Crew's Leader, increase this Upgrade's Plentiful Limitation to Plentiful (5). This model gains the following Ability: Recruitment Effort: After this model kills an enemy model, it may discard this Upgrade to Summon a Transmortis Minion with Cost less than or equal to the enemy's Cost into base contact with the enemy model. Attach an Enrollment Upgrade to the Summoned model. The enemy model does not Drop any Markers when killed. TRANSMORTIS",
    "description": null,
    "isGeneric": false,
    "specialRarity": {},
    "restrictions": [
      {
        "type": "Special",
        "member": null,
        "matchTexts": [
          "Lecture"
        ]
      }
    ]
  },
  "Reliquary (Manos)": {
    "name": "Reliquary (Manos)",
    "fileNames": {
      "frontJPGs": [
        "cards/Resurrectionist/Reliquary-(Manos)-front-0.jpg"
      ]
    },
    "cost": 0,
    "rarity": 1,
    "factions": [
      "Resurrectionist"
    ],
    "keywords": [
      "ANCESTOR",
      "RETAINER"
    ],
    "cardText": "Special (Reliquary) Reliquary (Manos) 0 This Upgrade cannot be Attached to Manos models. This model gains the following Abilities: Regeneration +1: At the start of this model's Activation, it Heals +2. Lantern of Souls: Enemy models within a5 ignore their Demise Abilities. This model gains the following Action: Tactical Actions Rg Stat Rst TN A New Guardian 6\" - - - Friendly only. Attach this Upgrade to the target. ANCESTOR RETAINER",
    "replacements": [
      {
        "replaceWith": [
          "Manos, The Risen"
        ]
      }
    ],
    "description": null,
    "isGeneric": false,
    "specialRarity": {},
    "restrictions": [
      {
        "type": "Special",
        "member": null,
        "matchTexts": [
          "Reliquary"
        ]
      }
    ]
  },
  "Reliquary (Toshiro)": {
    "name": "Reliquary (Toshiro)",
    "fileNames": {
      "frontJPGs": [
        "cards/Resurrectionist/Reliquary-(Toshiro)-front-0.jpg"
      ]
    },
    "cost": 0,
    "rarity": 1,
    "factions": [
      "Resurrectionist"
    ],
    "keywords": [
      "ANCESTOR",
      "RETAINER"
    ],
    "cardText": "Special (Reliquary) Reliquary (Toshiro) 0 This Upgrade cannot be Attached to Toshiro models. This model gains the following Abilities: Bloated Stench: After this model suffers damage from a y Action, the Attacking model gains Poison +1 after resolving the current Action. Leadership: When taking y Actions, friendly Minions within a6 receive a + to their duels. This model gains the following Action: Tactical Actions Rg Stat Rst TN A New Guardian 6\" - - - Friendly only. Attach this Upgrade to the target. ANCESTOR RETAINER",
    "replacements": [
      {
        "replaceWith": [
          "Toshiro, The Daimyo"
        ]
      }
    ],
    "description": null,
    "isGeneric": false,
    "specialRarity": {},
    "restrictions": [
      {
        "type": "Special",
        "member": null,
        "matchTexts": [
          "Reliquary"
        ]
      }
    ]
  },
  "Reliquary (Yin)": {
    "name": "Reliquary (Yin)",
    "fileNames": {
      "frontJPGs": [
        "cards/Resurrectionist/Reliquary-(Yin)-front-0.jpg"
      ]
    },
    "cost": 0,
    "rarity": 1,
    "factions": [
      "Resurrectionist"
    ],
    "keywords": [
      "ANCESTOR",
      "RETAINER"
    ],
    "cardText": "Special (Reliquary) Reliquary (Yin) 0 This Upgrade cannot be Attached to Yin models. This model gains the following Ability: Constriction: Enemy models engaged by this model suffer a - to duels generated by the Disengage Action. If this model has the Terrifying Ability, it increases the value of its Terrifying Ability by +1. Otherwise, it gains the following Ability: Terrifying (11): After an enemy model targets this model with an Attack Action, the enemy model must pass a TN 11 Wp duel or the Action fails. This model gains the following Action: Tactical Actions Rg Stat Rst TN A New Guardian 6\" - - - Friendly only. Attach this Upgrade to the target. ANCESTOR RETAINER",
    "replacements": [
      {
        "replaceWith": [
          "Yin, The Penangalan"
        ]
      }
    ],
    "description": null,
    "isGeneric": false,
    "specialRarity": {},
    "restrictions": [
      {
        "type": "Special",
        "member": null,
        "matchTexts": [
          "Reliquary"
        ]
      }
    ]
  },
  "A Pale Hunger": {
    "name": "A Pale Hunger",
    "fileNames": {
      "frontJPGs": [
        "cards/Resurrectionist/A-Pale-Hunger-front-0.jpg"
      ]
    },
    "cost": 0,
    "rarity": 2,
    "factions": [
      "Resurrectionist"
    ],
    "keywords": [
      "URAMI"
    ],
    "cardText": "Special (Soul Hunter) Plentiful (2) A Pale Hunger 0 This model gains the following Ability: Adaptive: At the start of this model's Activation, choose a suit. This model adds the chosen suit to its duel totals until the end of its Activation. URAMI",
    "description": null,
    "isGeneric": false,
    "specialRarity": {},
    "restrictions": [
      {
        "type": "Special",
        "member": null,
        "matchTexts": [
          "Soul Hunter"
        ]
      }
    ]
  },
  "Call of Madness": {
    "name": "Call of Madness",
    "fileNames": {
      "frontJPGs": [
        "cards/Resurrectionist/Call-of-Madness-front-0.jpg"
      ]
    },
    "cost": 0,
    "rarity": 2,
    "factions": [
      "Resurrectionist"
    ],
    "keywords": [
      "FORGOTTEN"
    ],
    "cardText": "Special (Summon, Madness) Plentiful (2) Call of Madness 0 After Attaching this Upgrade, this model gains Slow and suffers irreducible damage equal to half its Health (rounded up). FORGOTTEN",
    "description": null,
    "isGeneric": false,
    "specialRarity": {},
    "restrictions": [
      {
        "type": "Special",
        "member": null,
        "matchTexts": [
          "Summon",
          "Madness"
        ]
      }
    ]
  },
  "New Student": {
    "name": "New Student",
    "fileNames": {
      "frontJPGs": [
        "cards/Resurrectionist/New-Student-front-0.jpg"
      ]
    },
    "cost": 0,
    "rarity": 2,
    "factions": [
      "Resurrectionist"
    ],
    "keywords": [
      "TRANSMORTIS"
    ],
    "cardText": "Special (Summon, Enrollment) Plentiful (2) New Student 0 If Prof. Von Schtook is this Crew's Leader, increase this Upgrade's Plentiful Limitation to Plentiful (5). After Attaching this Upgrade, this model gains Slow. Then, if there is not a friendly Prof. Von Schtook model within a6, this model suffers 2 irreducible damage. TRANSMORTIS",
    "description": null,
    "isGeneric": false,
    "specialRarity": {},
    "restrictions": [
      {
        "type": "Special",
        "member": null,
        "matchTexts": [
          "Summon",
          "Enrollment"
        ]
      }
    ]
  },
  "Vengeful Spirit": {
    "name": "Vengeful Spirit",
    "fileNames": {
      "frontJPGs": [
        "cards/Resurrectionist/Vengeful-Spirit-front-0.jpg"
      ]
    },
    "cost": 0,
    "rarity": 2,
    "factions": [
      "Resurrectionist"
    ],
    "keywords": [
      "URAMI"
    ],
    "cardText": "Special (Summon, Vengeance) Plentiful (2) Vengeful Spirit 0 If Kirai Ankoku is this Crew's Leader, increase this Upgrade's Plentiful Limitation to Plentiful (5). After Attaching this Upgrade, this model gains Slow. This model gains the following Abilities: The Price of Hatred: At the start of this model's Activation, a friendly Kirai Ankoku suffers 1 irreducible damage. Desperate Grudge: This model adds +c to the final duel totals of its y Actions. URAMI",
    "description": null,
    "isGeneric": false,
    "specialRarity": {},
    "restrictions": [
      {
        "type": "Special",
        "member": null,
        "matchTexts": [
          "Summon",
          "Vengeance"
        ]
      }
    ]
  },
  "The Whisper": {
    "name": "The Whisper",
    "fileNames": {
      "frontJPGs": [
        "cards/Resurrectionist/The-Whisper-front-0.jpg"
      ]
    },
    "cost": 2,
    "rarity": 2,
    "factions": [
      "Resurrectionist"
    ],
    "cardText": "Plentiful (2) The Whisper 2 This model gains the following Abilities: Intuition: At the start of this model's Activation, it may look at the top three cards of its Fate Deck and then return them in any order. Research Specimens: After this model kills an enemy model, this model may draw a card. If this model is a Minion, it gains the following Ability: Stubborn: Enemy Attack Actions that are resisted by Wp suffer a - when targeting this model.",
    "description": null,
    "isGeneric": true,
    "specialRarity": {},
    "restrictions": []
  },
  "Grave Spirit's Touch": {
    "name": "Grave Spirit's Touch",
    "fileNames": {
      "frontJPGs": [
        "cards/Resurrectionist/Grave-Spirit's-Touch-front-0.jpg"
      ]
    },
    "cost": 2,
    "rarity": 2,
    "factions": [
      "Resurrectionist"
    ],
    "cardText": "Plentiful (2) Grave Spirit's Touch 2 This model gains the following Ability: Regeneration +2: At the start of this model's Activation, it Heals +2. This model gains the following Action: Tactical Actions Rg Stat Rst TN F Blasphemous 3\" - - - Ritual Remove target Corpse Marker. Friendly models within p3 of this model gain Focused +1. If this model is a Minion with the Terrifying Ability, it increases the value of its Terrifying Ability by +1. If this model is a Minion that does not have the Terrifying Ability, it gains the following Ability: Terrifying (11): After an enemy model targets this model with an Attack Action, the enemy model must pass a TN 11 Wp duel or the Action fails.",
    "description": null,
    "isGeneric": true,
    "specialRarity": {},
    "restrictions": []
  },
  "Killer Instinct": {
    "name": "Killer Instinct",
    "fileNames": {
      "frontJPGs": [
        "cards/Resurrectionist/Killer-Instinct-front-0.jpg"
      ]
    },
    "cost": 2,
    "rarity": 2,
    "factions": [
      "Resurrectionist"
    ],
    "cardText": "Plentiful (2) Killer Instinct 2 This model gains the following Abilities: Loot Their Corpse: At the end of this model's Activation, it may remove a Corpse Marker within a2 to add one Soulstone to its Crew's Soulstone Pool. Ruthless: This model ignores the Terrifying and Manipulative Abilities of other models. If this model is a Minion, it gains the following Ability: Deadly Pursuit: During the End Phase, this model may Push up to 4\".",
    "description": null,
    "isGeneric": true,
    "specialRarity": {},
    "restrictions": []
  },
  "Belly of the Machine": {
    "name": "Belly of the Machine",
    "fileNames": {
      "frontJPGs": [
        "cards/Explorers Society/Belly-of-the-Machine-front-0.jpg"
      ]
    },
    "cost": 0,
    "rarity": 1,
    "factions": [
      "Explorer's Society"
    ],
    "keywords": [
      "EVS"
    ],
    "cardText": "Belly of the Machine Buried Unburied Control Console I'm in Here! Push the Red Button EVS Calypso Dr. Beebe",
    "description": null,
    "isGeneric": false,
    "specialRarity": {},
    "restrictions": [
      {
        "type": "Special",
        "member": null,
        "matchTexts": [
          "Pilot"
        ]
      },
      {
        "type": "Restricted",
        "member": "attributes",
        "matchTexts": [
          "Living"
        ]
      }
    ]
  },
  "Flush with Cash": {
    "name": "Flush with Cash",
    "fileNames": {
      "frontJPGs": [
        "cards/Explorers Society/Flush-with-Cash-front-0.jpg"
      ]
    },
    "cost": 2,
    "rarity": 2,
    "factions": [
      "Explorer's Society"
    ],
    "cardText": "Flush with Cash Bribery Insurance Excess Funds",
    "description": null,
    "isGeneric": true,
    "specialRarity": {},
    "restrictions": []
  },
  "Hidden Agenda": {
    "name": "Hidden Agenda",
    "fileNames": {
      "frontJPGs": [
        "cards/Explorers Society/Hidden-Agenda-front-0.jpg"
      ]
    },
    "cost": 2,
    "rarity": 2,
    "factions": [
      "Explorer's Society"
    ],
    "cardText": "Hidden Agenda Backup Plan Double-Cross The Time to Act",
    "description": null,
    "isGeneric": true,
    "specialRarity": {},
    "restrictions": []
  },
  "Living Shadow": {
    "name": "Living Shadow",
    "fileNames": {
      "frontJPGs": [
        "cards/Explorers Society/Living-Shadow-front-0.jpg"
      ]
    },
    "cost": 0,
    "rarity": 1,
    "factions": [
      "Explorer's Society"
    ],
    "keywords": [
      "DUA",
      "UMBRA"
    ],
    "cardText": "Living Shadow Demise (Reclaimed Darkness) Splut DUA UMBRA",
    "description": null,
    "isGeneric": false,
    "specialRarity": {},
    "restrictions": [
      {
        "type": "Special",
        "member": null,
        "matchTexts": [
          "Summon",
          "Shade"
        ]
      }
    ]
  },
  "Trapped Within": {
    "name": "Trapped Within",
    "fileNames": {
      "frontJPGs": [
        "cards/Explorers Society/Trapped-Within-front-0.jpg"
      ]
    },
    "cost": 0,
    "rarity": 1,
    "factions": [
      "Explorer's Society"
    ],
    "keywords": [
      "SEEKER"
    ],
    "cardText": "Trapped Within Gelatinous Escape Get me out of here! Slimy Rescue SEEKER",
    "description": null,
    "isGeneric": false,
    "specialRarity": {},
    "restrictions": [
      {
        "type": "Special",
        "member": null,
        "matchTexts": [
          "Consumed"
        ]
      }
    ]
  },
  "Treasure Map": {
    "name": "Treasure Map",
    "fileNames": {
      "frontJPGs": [
        "cards/Explorers Society/Treasure-Map-front-0.jpg"
      ]
    },
    "cost": 2,
    "rarity": 2,
    "factions": [
      "Explorer's Society"
    ],
    "cardText": "Treasure Map Deadly Pursuit Buried Treasure Carry the Loot",
    "description": null,
    "isGeneric": true,
    "specialRarity": {},
    "restrictions": []
  },
  "Will of Cadmus": {
    "name": "Will of Cadmus",
    "fileNames": {
      "frontJPGs": [
        "cards/Explorers Society/Will-of-Cadmus-front-0.jpg"
      ]
    },
    "cost": 0,
    "rarity": 1,
    "factions": [
      "Explorer's Society"
    ],
    "keywords": [
      "Cadmus"
    ],
    "cardText": "Will of Cadmus Parasitic Grasp Connected Conscience Will of Cadmus CADMUS",
    "description": null,
    "isGeneric": false,
    "specialRarity": {},
    "restrictions": [
      {
        "type": "Special",
        "member": null,
        "matchTexts": [
          "Hive"
        ]
      }
    ]
  }
}