{
      "GUID": "203c09",
      "Name": "Custom_Tile",
      "Transform": {
        "posX": -0.2513885,
        "posY": 0.960002,
        "posZ": -9.334238,
        "rotX": 4.71250542E-06,
        "rotY": 180.0,
        "rotZ": -8.189547E-06,
        "scaleX": 2.5,
        "scaleY": 1.0,
        "scaleZ": 2.5
      },
      "Nickname": "reference-card-prototype",
      "Description": "",
      "GMNotes": "",
      "ColorDiffuse": {
        "r": 1.0,
        "g": 1.0,
        "b": 1.0
      },
      "LayoutGroupSortIndex": 0,
      "Locked": false,
      "Grid": true,
      "Snap": true,
      "IgnoreFoW": false,
      "MeasureMovement": false,
      "DragSelectable": true,
      "Autoraise": true,
      "Sticky": true,
      "Tooltip": true,
      "GridProjection": false,
      "HideWhenFaceDown": false,
      "Hands": false,
      "CustomImage": {
        "ImageURL": "http://cloud-3.steamusercontent.com/ugc/1644340318734343097/8C9CA910D18D02869D387CEB47832185FF041C85/",
        "ImageSecondaryURL": "http://cloud-3.steamusercontent.com/ugc/1644340318734343217/39AD36AC22379DC8EE3856F27E99E7929D2C5AF1/",
        "ImageScalar": 1.0,
        "WidthScale": 0.0,
        "CustomTile": {
          "Type": 3,
          "Thickness": 0.1,
          "Stackable": true,
          "Stretch": true
        }
      },
      "LuaScript": "\r\n\r\nmini = nil\r\nmaxHealth = 6\r\n\r\nprototypes = {\r\n    small = '7a9a30',\r\n    medium = 'ed1f0b',\r\n    big = '53c842',\r\n}\r\n\r\nfunction createModel(prototypeId)\r\n    local pos = self.getPosition()\r\n    pos = {x=pos.x, y=pos.y + 2, z=pos.z+2}\r\n\r\n    if mini ~= nil then\r\n        pos = mini.getPosition()\r\n        pos = {x=pos.x, y=pos.y + 2, z=pos.z}\r\n        mini.destruct()\r\n    end\r\n    objectData =  self.getData()\r\n\r\n    -- print('NickName: ',objectData.Nickname)\r\n    -- print('Desc: ',objectData.Description)\r\n    -- print('Color: ',objectData.ColorDiffuse.r,objectData.ColorDiffuse.g,objectData.ColorDiffuse.b)\r\n    -- print('Image: ',objectData.CustomImage.ImageURL)\r\n    \r\n    modelPrototype = getObjectFromGUID(prototypeId)\r\n    model = modelPrototype.clone({position=pos})\r\n    attachments = model.getAttachments()\r\n    for key,value in pairs(attachments) do\r\n        modelElement = model.removeAttachment(0)\r\n        modelElement.setCustomObject({\r\n            image = objectData.CustomImage.ImageURL,\r\n        })\r\n        model.addAttachment(modelElement)\r\n    end\r\n    model.setDescription(objectData.Description)\r\n    model.setName(objectData.Nickname)\r\n    model.script_state =  \"{\\\"bars\\\":[[\\\"Health\\\",\\\"#55aa22\\\",\" ..maxHealth ..\",\" ..maxHealth..\",true,true]],\\\"markers\\\":[]}\"\r\n    --  {bars={{'Health','#55aa22',maxHealth,maxHealth,true,true}},markers={}}\r\n    \r\n    mini = model\r\n    -- end\r\nend\r\n\r\nfunction ui_pingmini(player)\r\n    if (mini ~= nil) then\r\n        if (player.pingTable ~= nil) then\r\n            player.pingTable(mini.getPosition())\r\n        end\r\n    end\r\nend\r\n\r\n\r\nfunction ui_increase_health()\r\n    maxHealth = maxHealth +1\r\n    rebuildUI()\r\nend\r\n\r\n\r\nfunction ui_decrease_health()\r\n    maxHealth = maxHealth -1\r\n    if maxHealth < 1 then\r\n        maxHealth = 1\r\n    end\r\n    rebuildUI()\r\nend\r\n\r\n\r\n\r\nfunction createModel30mm()\r\n    createModel(prototypes.small)\r\nend\r\n\r\nfunction createModel40mm()\r\n    createModel(prototypes.medium)\r\nend\r\n\r\nfunction createModel50mm()\r\n    createModel(prototypes.big)\r\nend\r\n\r\n\r\nfunction rebuildAssets()\r\n    local root = 'https://raw.githubusercontent.com/RobMayer/TTSLibrary/master/ui/';\r\n    local assets = {\r\n        {name='ui_power', url=root..'power.png'},\r\n        {name='ui_gear', url=root..'gear.png'},\r\n        {name='ui_close', url=root..'close.png'},\r\n        {name='ui_plus', url=root..'plus.png'},\r\n        {name='ui_minus', url=root..'minus.png'},\r\n        {name='ui_reload', url=root..'reload.png'},\r\n        {name='ui_location', url=root..'location.png'},\r\n        {name='ui_bars_new', url=root..'bars_new.png'},\r\n        {name='ui_arrow_u', url=root..'arrow_u.png'},\r\n        {name='ui_arrow_d', url=root..'arrow_d.png'},\r\n        {name='ui_arrow_l', url=root..'arrow_l.png'},\r\n        {name='ui_arrow_r', url=root..'arrow_r.png'},\r\n    }\r\n\r\n    assetBuffer = {}\r\n    local bufLen = 0\r\n    for idx,guid in pairs(mapI2G) do\r\n        local mini = getObjectFromGUID(guid)\r\n        if (mini ~= nil) then\r\n            for i,marker in pairs(mini.call('getMarkers', {})) do\r\n                if (assetBuffer[marker.url] == nil) then\r\n                    bufLen = bufLen + 1\r\n                    assetBuffer[marker.url] = self.guid..'_mk_'..bufLen\r\n                    table.insert(assets, {name=self.guid..'_mk_'..bufLen, url=marker.url})\r\n                end\r\n            end\r\n        end\r\n    end\r\n    self.UI.setCustomAssets(assets)\r\nend\r\n\r\nfunction rebuildUI()\r\n    \r\n    local ui = {\r\n        {tag='Defaults', children={\r\n            {tag='Text', attributes={color='#cccccc', fontSize='18', alignment='MiddleLeft'}},\r\n            {tag='InputField', attributes={fontSize='24', preferredHeight='40'}},\r\n            {tag='ToggleButton', attributes={fontSize='18', preferredHeight='40', colors='#ffcc33|#ffffff|#808080|#606060', selectedBackgroundColor='#dddddd', deselectedBackgroundColor='#999999'}},\r\n            {tag='Button', attributes={fontSize='12',textColor='#111111', preferredHeight='40', colors='#dddddd|#ffffff|#808080|#f6f6f6'}},\r\n            {tag='Toggle', attributes={textColor='#cccccc'}},\r\n        }},\r\n        \r\n        {tag='button', attributes={onClick='ui_decrease_health', image='ui_minus',  colors='#ccccccff|#ffffffff|#404040ff|#808080ff', width='12', height='12', position='45 90 -15', rotation='0 0 180' }},\r\n        {tag='button', attributes={onClick='ui_increase_health', image='ui_plus',  colors='#ccccccff|#ffffffff|#404040ff|#808080ff', width='12', height='12', position='-45 90 -15', rotation='0 0 180' }},\r\n        {tag='button', attributes={text=maxHealth,  colors='#66cc66ff|#66cc66ff|#66cc66ff|#66cc66ff',width='25', height='18', position='0 90 -15', rotation='0 0 180' }},\r\n\r\n        {tag='button', attributes={onClick='ui_pingmini', image='ui_location',  colors='#ccccccff|#ffffffff|#404040ff|#808080ff', width='20', height='20', position='-40 -110 -5', rotation='0 0 180' }},\r\n        {tag='button', attributes={onClick='createModel40mm',text='40',  colors='#ccccccff|#ffffffff|#404040ff|#808080ff', width='30', height='20', position='0 110 -5', rotation='0 0 180' }},\r\n        {tag='button', attributes={onClick='createModel50mm',text='50',  colors='#ccccccff|#ffffffff|#404040ff|#808080ff', width='30', height='20', position='-35 110 -5', rotation='0 0 180'}},\r\n        {tag='button', attributes={onClick='createModel30mm',text='30',  colors='#ccccccff|#ffffffff|#404040ff|#808080ff', width='30', height='20', position='35 110 -5' , rotation='0 0 180' }}\r\n    }\r\n    \r\n    self.UI.setXmlTable(ui)\r\nend\r\n\r\nfunction onSave()\r\n    miniguid = ''\r\n    if mini ~= nil then\r\n        miniguid = mini.getGUID()\r\n    end\r\n    local save = {\r\n     mini = miniguid,\r\n     maxHealth = maxHealth\r\n    }\r\n    return JSON.encode(save)\r\nend\r\n\r\n\r\nfunction onLoad(save)\r\n    local data = JSON.decode(save)\r\n    mini = getObjectFromGUID(data.mini)\r\n    if data.maxHealth ~= nil then\r\n        maxHealth = data.maxHealth\r\n    else\r\n        maxHealth = 6\r\n    end\r\n    \r\n    rebuildUI()\r\nend\r\n\r\n",
      "LuaScriptState": "{\"maxHealth\":6,\"mini\":\"\"}",
      "XmlUI": "",
      "CustomUIAssets": [
        {
          "Name": "ui_plus",
          "URL": "https://raw.githubusercontent.com/RobMayer/TTSLibrary/master/ui/plus.png"
        },
        {
          "Name": "ui_minus",
          "URL": "https://raw.githubusercontent.com/RobMayer/TTSLibrary/master/ui/minus.png"
        },
        
        {
          "Name": "ui_location",
          "URL": "https://raw.githubusercontent.com/RobMayer/TTSLibrary/master/ui/location.png"
        }
       
      ]
    }