{
  "GUID": "203c09",
  "Name": "Custom_Tile",
  "Transform": {
    "posX": 0,
    "posY": 0,
    "posZ": 0,
    "rotX": 0,
    "rotY": 180,
    "rotZ": 0,
    "scaleX": 2.5,
    "scaleY": 1.0,
    "scaleZ": 2.5
  },
  "Nickname": "[CARD_NICKNAME]",
  "Description": "[DESCRIPTION]",
  "GMNotes": "",
  "ColorDiffuse": {
    "r": 1.0,
    "g": 1.0,
    "b": 1.0
  },
  "LayoutGroupSortIndex": 0,
  "Locked": false,
  "Grid": true,
  "Snap": true,
  "IgnoreFoW": false,
  "MeasureMovement": false,
  "DragSelectable": true,
  "Autoraise": true,
  "Sticky": true,
  "Tooltip": true,
  "GridProjection": false,
  "HideWhenFaceDown": false,
  "Hands": false,
  "CustomImage": {
    "ImageURL": "[CARD_FRONT]",
    "ImageSecondaryURL": "[CARD_BACK]",
    "ImageScalar": 1.0,
    "WidthScale": 0.0,
    "CustomTile": {
      "Type": 3,
      "Thickness": 0.1,
      "Stackable": true,
      "Stretch": true
    }
  },
  "LuaScript": "\r\n\r\nmini = nil\r\n\r\nbaseScale=[BASE_SCALE]\r\nhealth=[HEALTH]\r\nimageScale=[IMAGE_SCALE]\r\nmodelImage=\"[MODEL_IMAGE]\"\r\nmodelScaleX=[MODEL_SCALE_X]\r\nmodelScaleY=[MODEL_SCALE_Y]\r\nname=\"[NICKNAME]\"\r\n\r\nprototypes = {\r\n    base = '000000',\r\n}\r\nfunction destruct()\r\n    if mini ~= nil and not mini.isDestroyed() then\r\n        mini.destruct()\r\n    end\r\nend\r\nfunction createModel()\r\n    local pos = self.getPosition()\r\n    pos = {x=pos.x, y=pos.y + 2, z=pos.z+2}\r\n\r\n    if mini ~= nil then\r\n        pos = mini.getPosition()\r\n        pos = {x=pos.x, y=pos.y + 2, z=pos.z}\r\n        mini.destruct()\r\n    end\r\n    objectData =  self.getData()\r\n\r\n    -- print('NickName: ',objectData.Nickname)\r\n    -- print('Desc: ',objectData.Description)\r\n    -- print('Color: ',objectData.ColorDiffuse.r,objectData.ColorDiffuse.g,objectData.ColorDiffuse.b)\r\n    -- print('Image: ',objectData.CustomImage.ImageURL)\r\n    \r\n    modelPrototype = getObjectFromGUID(prototypes.base)\r\n    model = modelPrototype.clone({position=pos})\r\n\r\n    model.setScale({x=baseScale, y=1, z=baseScale})\r\n    attachments = model.getAttachments()\r\n    for key,value in pairs(attachments) do\r\n        modelElement = model.removeAttachment(0)\r\n        modelElement.setCustomObject({\r\n            image = modelImage,\r\n            image_secondary = modelImage,\r\n            image_scalar = imageScale\r\n        })\r\n        modelElement.setScale({x=modelScaleX, y=modelScaleY, z=0.2})\r\n        model.addAttachment(modelElement)\r\n    end\r\n    model.setDescription(objectData.Description)\r\n    model.setName(objectData.Nickname)\r\n    model.script_state =  \"{\\\"bars\\\":[[\\\"Health\\\",\\\"#55aa22\\\",\" ..health ..\",\" ..health..\",true,true]],\\\"markers\\\":[]}\"\r\n    --  {bars={{'Health','#55aa22',health,health,true,true}},markers={}}\r\n    \r\n    mini = model\r\n    -- end\r\nend\r\n\r\nfunction ui_pingmini(player)\r\n    if (mini ~= nil) then\r\n        if (player.pingTable ~= nil) then\r\n            player.pingTable(mini.getPosition())\r\n        end\r\n    end\r\nend\r\n\r\nfunction rebuildAssets()\r\n    local root = 'https://raw.githubusercontent.com/RobMayer/TTSLibrary/master/ui/';\r\n    local assets = {\r\n        {name='ui_power', url=root..'power.png'},\r\n        {name='ui_gear', url=root..'gear.png'},\r\n        {name='ui_close', url=root..'close.png'},\r\n        {name='ui_plus', url=root..'plus.png'},\r\n        {name='ui_minus', url=root..'minus.png'},\r\n        {name='ui_reload', url=root..'reload.png'},\r\n        {name='ui_location', url=root..'location.png'},\r\n        {name='ui_bars_new', url=root..'bars_new.png'},\r\n        {name='ui_arrow_u', url=root..'arrow_u.png'},\r\n        {name='ui_arrow_d', url=root..'arrow_d.png'},\r\n        {name='ui_arrow_l', url=root..'arrow_l.png'},\r\n        {name='ui_arrow_r', url=root..'arrow_r.png'},\r\n    }\r\n\r\n    assetBuffer = {}\r\n    local bufLen = 0\r\n    for idx,guid in pairs(mapI2G) do\r\n        local mini = getObjectFromGUID(guid)\r\n        if (mini ~= nil) then\r\n            for i,marker in pairs(mini.call('getMarkers', {})) do\r\n                if (assetBuffer[marker.url] == nil) then\r\n                    bufLen = bufLen + 1\r\n                    assetBuffer[marker.url] = self.guid..'_mk_'..bufLen\r\n                    table.insert(assets, {name=self.guid..'_mk_'..bufLen, url=marker.url})\r\n                end\r\n            end\r\n        end\r\n    end\r\n    self.UI.setCustomAssets(assets)\r\nend\r\n\r\nfunction rebuildUI()\r\n    \r\n    local ui = {\r\n        {tag='Defaults', children={\r\n            {tag='Text', attributes={color='#cccccc', fontSize='18', alignment='MiddleLeft'}},\r\n            {tag='InputField', attributes={fontSize='24', preferredHeight='40'}},\r\n            {tag='ToggleButton', attributes={fontSize='18', preferredHeight='40', colors='#ffcc33|#ffffff|#808080|#606060', selectedBackgroundColor='#dddddd', deselectedBackgroundColor='#999999'}},\r\n            {tag='Button', attributes={fontSize='12',textColor='#111111', preferredHeight='40', colors='#dddddd|#ffffff|#808080|#f6f6f6'}},\r\n            {tag='Toggle', attributes={textColor='#cccccc'}},\r\n        }},\r\n        \r\n        {tag='button', attributes={onClick='ui_pingmini', image='ui_location',  colors='#ccccccff|#ffffffff|#404040ff|#808080ff', width='20', height='20', position='-40 -110 -5', rotation='0 0 180' }},\r\n        {tag='button', attributes={onClick='createModel',text='Spawn Model',  colors='#ccccccff|#ffffffff|#404040ff|#808080ff', width='120', height='20', position='0 110 -5', rotation='0 0 180' }} \r\n    }\r\n    \r\n    self.UI.setXmlTable(ui)\r\nend\r\n\r\nfunction onSave()\r\n    miniguid = ''\r\n    if mini ~= nil then\r\n        miniguid = mini.getGUID()\r\n    end\r\n    local save = {\r\n     mini = miniguid\r\n    }\r\n    return JSON.encode(save)\r\nend\r\n\r\n\r\nfunction onLoad(save)\r\n    local data = JSON.decode(save)\r\n    mini = getObjectFromGUID(data.mini)\r\n    rebuildUI()\r\nend\r\n\r\n",
  "LuaScriptState": "{\"mini\":\"000001\"}",
  "XmlUI": "",
  "CustomUIAssets": [
    {
      "Name": "ui_location",
      "URL": "https://raw.githubusercontent.com/RobMayer/TTSLibrary/master/ui/location.png"
    }
  ]
}