{
  "GUID": "203c09",
  "Name": "Custom_Tile",
  "Transform": {
    "posX": 0,
    "posY": 0,
    "posZ": 0,
    "rotX": 0,
    "rotY": 180,
    "rotZ": 0,
    "scaleX": 2.5,
    "scaleY": 1.0,
    "scaleZ": 2.5
  },
  "Nickname": "[CARD_NICKNAME]",
  "Description": "[DESCRIPTION]",
  "GMNotes": "",
  "ColorDiffuse": {
    "r": 1.0,
    "g": 1.0,
    "b": 1.0
  },
  "LayoutGroupSortIndex": 0,
  "Locked": false,
  "Grid": true,
  "Snap": true,
  "IgnoreFoW": false,
  "MeasureMovement": false,
  "DragSelectable": true,
  "Autoraise": true,
  "Sticky": true,
  "Tooltip": true,
  "GridProjection": false,
  "HideWhenFaceDown": false,
  "Hands": false,
  "CustomImage": {
    "ImageURL": "[CARD_FRONT]",
    "ImageSecondaryURL": "[CARD_BACK]",
    "ImageScalar": 1.0,
    "WidthScale": 0.0,
    "CustomTile": {
      "Type": 3,
      "Thickness": 0.1,
      "Stackable": true,
      "Stretch": true
    }
  },
  "LuaScript": "",
  "LuaScriptState": "{}",
  "XmlUI": "",
  "CustomUIAssets": []
}